#,Song,Artist,BPM,Camelot,Energy,Added At,Duration,Popularity,Genres,Album,Album Date,Dance,Acoustic,Instrumental,Valence,Speech,Live,Loud (Db),Key,Time Signature,Spotify Track Id,ISRC,Explicit
1,Bonafied Lovin - Yuksek Remix,Chromeo,125,2B,59,24/03/2021,04:57,8,"nu disco, alternative dance",Bonafied Lovin,22/07/2007,81,1,56,76,20,10,-6,F#/G♭ Major,4,3Uj8h9FZigjBq6NYW2wRWC,GBJTP0700083,no
2,Jager Yoga,CSS,140,8A,77,24/03/2021,03:50,0,"electroclash, new rave, alternative dance",Donkey,18/07/2008,74,0,0,94,0,10,-3,A Minor,4,2QdtAmAy8yftcCl0MHKUgu,USSUB0877001,no
3,Magrela Fever,Curumin,152,12A,62,24/03/2021,04:11,0,new mpb,Japan Pop Show,2008-00-00,59,0,0,75,0,10,-7,C♯/D♭ Minor,4,1OSChNJOFS4zjrrrNuAbHq,BRAGL0700059,no
4,Lights & Music,Cut Copy,126,3A,95,24/03/2021,04:37,0,"alternative dance, indie dance, indie electronic, new rave",In Ghost Colours,01/01/2008,60,6,17,56,0,70,-4,A#/B♭ Minor,4,7bLk4tjwot6OunULKjPcPA,AUUM70800086,no
5,One Loaf of Bread (Something For You),Damian Marley,139,8B,82,24/03/2021,03:17,0,"reggae, ragga, roots reggae",Gang War,01/01/2007,66,19,0,80,0,20,-4,C Major,4,2uJLzT6jlykwCIIuAfuM82,USUG10701076,yes
6,True Stories,Datarock,137,9B,87,24/03/2021,02:49,0,"new rave, alternative dance",Red,09/06/2009,68,0,0,91,10,0,-4,G Major,5,4o070DtKjEz4yPXTWVO2iY,CAN110801239,no
7,Me Gustan,Dj Bitman,110,3A,89,24/03/2021,02:55,21,"latin indie, latin alternative",Latin Bitman,06/11/2007,77,5,18,86,0,10,-6,A#/B♭ Minor,4,2eEqR54LH9M2hNyhtZYAmJ,US66W0700998,no
8,Mercy,Duffy,130,8B,86,24/03/2021,03:39,2,,Rockferry (intl Deluxe Edition),01/01/2008,79,27,0,96,0,10,-4,C Major,4,1dKm4a7TOYFzzTQvU59C59,GBUM70711275,no
9,Olympic Airways - Diskjokke Remix,Foals,123,9A,61,24/03/2021,07:24,0,indie,Discolated Remixes 2007-2008,03/08/2009,74,4,63,20,0,10,-11,E Minor,4,577J3IS9FtBWVZpRiQYcbw,NOSTS0968060,no
10,Working Together,Chilly Gonzales,105,12B,90,24/03/2021,03:20,21,neoclassical,Soft Power,01/01/2008,86,46,0,96,10,30,-6,E Major,4,2lRRbmXwKXGAvqxmKhMA0P,FRUM70701927,no
11,Ready For The Floor,Hot Chip,129,12A,76,24/03/2021,03:54,57,"alternative dance, new rave, indie dance",Made In The Dark,21/01/2008,76,1,0,94,0,0,-5,C♯/D♭ Minor,4,6q6PeTloTbL2vb1Gt9sQQc,GBAYE0703181,no
12,Im A Villain,Jakobínarína,200,8B,94,24/03/2021,02:57,0,,The First Crusade,10/10/2007,30,0,63,24,0,20,-4,C Major,4,25dDmd8ptHqYUzEw30i9fb,ISU110700310,no
13,Mad Pursuit,Junkie XL,120,4A,61,24/03/2021,04:16,0,"big beat, score, soundtrack",Booming Back At You,11/03/2008,73,12,4,50,0,10,-5,F Minor,4,2fCF8vDdgaJGZuLEYsx2Ec,CAN110701811,yes
14,Fast Fuse,Kasabian,175,11A,99,24/03/2021,04:09,48,"britpop, indie, indie rock",West Ryder Pauper Lunatic Asylum,2009-00-00,36,11,3,48,0,0,-3,F#/G♭ Minor,4,1ZZMu5cxiU4eFUNVwMnCJq,GBARL0700833,no
15,Runaway,Ladytron,115,1B,75,24/03/2021,04:49,0,"electroclash, alternative dance, synthpop",Runaway (Remixes),2008-00-00,57,0,0,47,0,10,-7,B Major,4,6sMKeq644YlhmMBW5kHTHm,CAN110800032,no
16,"I'm Good, I'm Gone",Lykke Li,120,9A,91,24/03/2021,03:09,48,,Youth Novels,06/06/2008,84,5,1,90,0,10,-4,E Minor,4,2GjycBB2VHP4NSIzUrJkrE,SEVUM0800103,no
17,Moving,Macaco,150,10B,75,24/03/2021,03:19,16,"reggae en español, latin alternative",Puerto Presente,04/05/2009,78,5,0,56,10,10,-8,D Major,4,6eFbmROV21aXR4niiXXKBV,ESD010800114,no
18,Kids,MGMT,123,11B,93,24/03/2021,05:02,87,indie,Oracular Spectacular,14/12/2007,45,0,0,17,0,30,-4,A Major,4,1jJci4qxiYcOHhQR247rEU,USSM10702135,no
19,What Gods Are These,My Federation,156,10A,87,24/03/2021,03:53,0,,Don't Wanna Die,07/04/2009,54,2,0,68,0,10,-5,B Minor,4,2PS6NZ2Msj8uZMVLHno40y,GBMAC0700003,no
20,Drive Me,Najwajean,124,4B,64,24/03/2021,05:41,27,trip hop,Till It Breaks,01/04/2008,75,30,0,80,0,10,-7,G#/A♭ Major,4,4FxOAj1L7plvcF0Ll8Th9U,ES5080800355,no
21,Let U Know,Plastilina Mosh,162,11B,90,24/03/2021,03:38,0,"rock en español, mexican rock, latin alternative, mexican indie, latin rock",All U Need Is Mosh,17/03/2009,52,0,0,66,20,70,-5,A Major,4,2ri0HH9TB01icxcboMJfsz,US66W0801239,yes
22,Fahrrad,Radiopilot,113,5A,93,24/03/2021,02:21,22,,Leben passiert,22/08/2008,54,1,0,87,0,70,-3,C Minor,4,0VoNg0VOFZRefPP4MA919l,DEE860701282,no
23,Open Your Window,Reverend And The Makers,101,7B,85,24/03/2021,04:03,0,,The State Of Things,16/09/2007,58,0,0,63,0,30,-4,F Major,4,6xxdIOzmUqfvja30pdGPY6,GBENL0700835,no
24,Black & Gold - Radio Edit,Sam Sparro,136,9A,79,24/03/2021,03:30,45,,Fame - OST,01/01/2009,55,0,0,33,10,10,-5,E Minor,4,4pkZNPC6yeMnQABwkTmsR6,GBUM70800413,no
25,Lo Mejor Del Mundo,Señor Flavio,94,9B,94,24/03/2021,02:20,20,"latin alternative, ska",Supersaund 2012,04/03/2008,62,12,7,94,0,10,-6,G Major,4,1ddTPwLf0yndWsWUlX8KLg,US66W0801080,no
26,Victory,Soprano,120,5A,73,24/03/2021,04:23,36,"french rap, chanson, french pop, french r&b, pop urbaine, variété française",Victory,22/08/2008,69,53,0,48,0,10,-8,C Minor,4,6nrwV1i4sdQ1RvOGb3fCCC,FRZ110801914,no
27,Gasoline,The Airborne Toxic Event,108,3A,96,24/03/2021,03:20,23,,The Airborne Toxic Event (International Version),01/01/2009,46,0,0,56,10,0,-3,A#/B♭ Minor,4,2huEskL4kqIksM6v4ZkKq4,USSE90829800,no
28,I'm Not Gonna Teach Your Boyfriend How to Dance with You - The Twelves Remix,Black Kids,126,8A,72,24/03/2021,03:44,0,,I'm Not Gonna Teach Your Boyfriend How To Dance With You,27/05/2008,74,1,0,83,0,10,-5,A Minor,4,0KHO3A5CBhYSGFNzq0BOND,GBUM70803095,no
29,Butter,The Bloody Beetroots,118,3A,83,24/03/2021,04:33,0,electro house,Romborama,01/01/2009,60,0,0,32,10,50,-6,A#/B♭ Minor,4,6KTs7zQzja1DN87gEzrNSL,USDM30900034,no
30,Tell Me A Lie,The Fratellis,126,8A,88,24/03/2021,03:58,33,,Here We Stand (other BPs international),01/01/2008,31,1,0,78,0,40,-4,A Minor,4,6xlu9OhvAvDOZBbvDmIYWT,GBUM70805854,no
31,That Kind Of Man - (1.1),The Heavy,90,9B,92,24/03/2021,03:31,16,,How You Like Me Now EP,29/11/2010,53,0,0,83,0,80,-5,G Major,4,0bzFxdN7fgtV2CwYF7SeY8,GBCFB1003301,no
32,61,The Kissaway Trail,120,10B,88,24/03/2021,04:25,0,dansk pop,The Kissaway Trail,2007-00-00,47,0,23,33,0,20,-9,D Major,4,3f2XWuZlO3ZE2wcw81foyk,GBBRP0713807,no
33,Always Where I Need To Be,The Kooks,168,1B,96,24/03/2021,02:41,63,"indie, indie rock",Konk,01/01/2008,33,0,0,88,0,30,-5,B Major,4,6gGSSrKMiV2yec1DrqGhhy,GBAAA0800033,no
34,The Whistling Song,The Pinker Tones,130,6B,87,24/03/2021,03:52,15,latin alternative,Wild Animals,03/06/2008,91,29,1,100,0,0,-6,A#/B♭ Major,4,3GRCrRXOYflKo3nvCxxMZ9,US66W0801140,no
35,The End Where I Begin,The Script,110,1A,62,24/03/2021,03:34,41,,The Script,14/07/2008,30,10,0,6,0,10,-6,G#/A♭ Minor,4,4WLjmPvwASNqjjMPqk28BT,GBARL0800146,no
36,Keep Your Head,The Ting Tings,154,11B,99,24/03/2021,03:22,28,alternative dance,We Started Nothing,19/05/2008,68,1,1,96,0,10,-2,A Major,4,0LUKJI1jBLWho3lfewE9lW,GBARL0800039,no
37,Untouched,The Veronicas,177,11A,82,24/03/2021,04:14,34,,Untouched,08/12/2007,56,2,2,51,20,10,-4,F#/G♭ Minor,4,2F8jBs3ZBbQOvdlySky0zU,USWB10704602,no
38,Muzzle #1,The Whip,128,11B,83,24/03/2021,04:50,0,"new rave, electroclash, alternative dance, indie dance",X Marks Destination,06/04/2008,61,0,0,80,0,0,-7,A Major,4,2QW5F8Qo2Uh5i1UaD2lXEQ,GBEFR0801317,no
39,Modern Drummer,Ungdomskulen,180,10B,86,24/03/2021,05:26,0,"norwegian pop, norsk rock, krautrock",Cry-Baby,08/10/2007,18,0,66,37,0,20,-5,D Major,3,2KHyQAFgmSv0jxDci9szlY,DEG930720071,no
40,Miss You,ADIAM,78,12B,97,24/03/2021,02:53,29,,Adiam Dymott,24/05/2010,46,0,19,64,10,10,-4,E Major,4,0NT44ngiQfZ7Z1eKaqhZt3,SEWBD0903306,no
41,Head Straight,Alex Metric,124,11B,77,24/03/2021,04:25,0,,The Head Straight EP,15/06/2009,66,0,41,53,0,30,-5,A Major,4,5Eh8tYUkRh5Ec9vTbHfcAC,GBCTW0900215,no
42,Meine Stadt,Auletta,108,7A,84,24/03/2021,03:30,26,german indie,Pöbelei & Poesie,01/01/2009,59,3,0,41,0,20,-4,D Minor,4,7izbGsrKGEbazX5gDLiG8r,DEA340900121,no
43,Ramallah Tel Aviv (feat. Tomer Yosef and Saz),Balkan Beat Box,110,3B,80,24/03/2021,04:03,0,,Nu Made (Remixes),2008-00-00,88,18,0,87,0,20,-9,C♯/D♭ Major,4,14Zq1LCKtp7ggc0vuU9S2e,USGQU0700133,no
44,Lakeside,BLK JKS,140,8B,93,24/03/2021,04:11,0,,Mystery,10/03/2009,41,9,23,32,0,30,-7,C Major,4,1gIn7vN873iAjempLZxCYl,US38W0919601,no
45,Fuego,Bomba Estéreo,100,9A,83,24/03/2021,04:36,0,"latin alternative, electrocumbia",Estalla,06/08/2010,77,4,0,17,0,0,-6,E Minor,4,1AyHAhNhjB14SGMoyma8nG,DEAF70931294,no
46,Kalemba (Wegue Wegue),"Le Bal Chaloupé,Buraka Som Sistema",140,8A,52,24/03/2021,06:27,0,"kuduro, moombahton",Tropical Voltage Dancing,15/03/2018,62,9,0,10,40,10,-10,A Minor,4,1ONqHf33PEFTpuBoQbT1Hc,TCADN1895000,no
47,Fot i hose,Casiokids,128,2B,86,24/03/2021,02:59,0,norwegian pop,Topp stemning på lokal bar,2010-00-00,62,0,90,91,0,10,-7,F#/G♭ Major,4,4ACj7TE91GfTyzBoP4VvpG,US3R41019602,no
48,Skeleton Dance,Children Collide,82,10A,92,24/03/2021,03:31,30,,The Long Now,01/01/2008,57,0,13,68,0,0,-4,B Minor,4,5UsfNL9PE9An9J4XLMJKPs,AUUM70800799,no
49,Birthday Bash,"Crookers,The Very Best,Marina,Dargen Damico",94,9B,83,24/03/2021,04:00,11,"italian trap, afropop, ",Tons of Friends,08/03/2010,76,8,0,67,20,10,-4,G Major,4,1JoSv0cd2ITmFkLbkA0CtG,GBEFR0901867,no
50,Happy as Can Be,Cut Off Your Hands,159,5B,93,24/03/2021,03:33,0,,You & I,04/10/2008,22,0,1,39,0,20,-3,D#/E♭ Major,5,1nYlGlVbIvGN9obk2KZvoL,NZRI11201495,no
51,Black Wax,Dananananaykroyd,137,11B,93,24/03/2021,04:04,0,math rock,Black Wax,22/03/2009,52,11,0,35,10,10,-4,A Major,4,7MsqxPkhjbB6hMhJlOkXQM,GBDPZ0800026,no
52,Give It Up,Datarock,140,10B,97,24/03/2021,02:47,0,"new rave, alternative dance",Red,09/06/2009,66,0,0,90,0,20,-6,D Major,4,0eDnscRVrFsTD55b70aobV,CAN110801241,no
53,International Love,Fidel Nadal,176,1A,70,24/03/2021,04:06,53,"reggae en español, reggae, ska, roots reggae",International Love,01/08/2008,70,2,0,75,0,0,-7,G#/A♭ Minor,4,2O282x8rik9PMihQAx6bAq,ARA770700146,no
54,La Luz del Ritmo,Los Fabulosos Cadillacs,148,9B,90,24/03/2021,04:02,44,"rock en español, latin rock, ska, argentine rock, latin alternative, mexican ska, murga",La Luz Del Ritmo,14/07/2008,66,9,9,78,0,0,-4,G Major,4,0aClozN9hcLVHPa3fdiU4e,ARFSB0800886,no
55,Hacen Falta Dos,Macaco,120,8B,83,24/03/2021,03:54,0,"reggae en español, latin alternative",Puerto Presente,17/11/2009,70,8,0,64,10,70,-6,C Major,4,2EZPIHEvr6UoYo8nxdB5zg,ES5080900258,no
56,Hold The Line,"Major Lazer,Mr. Lex,Santigold",156,12B,83,24/03/2021,03:39,0,"moombahton, riddim, dancehall, ragga, ",Guns Don't Kill People...Lazers Do,2009-00-00,67,71,2,67,20,10,-6,E Major,4,5YmqpCMu4cMuxgtODgf8tA,USCJ80900280,no
57,Soul Do Samba,Márcio Local,94,1B,83,24/03/2021,03:17,24,,Márcio Local Says Don Day Don Dree Don Don,12/05/2009,66,23,0,92,10,10,-9,B Major,4,3gpNLEl4nKQ6odiBTHKzPr,BR1290800010,no
58,Daylight - Troublemaker Remix,"Matt and Kim,De La Soul",103,11A,91,24/03/2021,04:26,0,"jazz rap, east coast hip hop",Daylight (Troublemaker Remix),08/09/2009,52,4,0,39,0,10,-3,F#/G♭ Minor,4,527FdHzBOvUOUwSdIvFoew,US4HB0990006,no
59,Gold Guns Girls,Metric,180,8A,96,24/03/2021,04:05,0,,Fantasies,26/04/2009,49,0,2,79,0,0,-5,A Minor,4,7y6yueMgmCFLAdUg7Eq1N2,CARB70901905,no
60,Alocatel,Mexican Institute Of Sound,79,10B,70,24/03/2021,03:39,0,"electrocumbia, latin alternative, mexican indie",Soy Sauce,01/01/2009,69,18,0,90,0,10,-7,D Major,4,2hekeOjg0olj6Gd0UCARBB,US66W0901421,no
61,Kangpe (feat. Wesley Williams),"Nneka,Wesley Williams",148,10B,76,24/03/2021,03:58,23,"neo soul, ",Nneka... To and Fro,11/05/2009,92,1,0,74,10,30,-5,D Major,4,3Nvk7GLdy51nCuWFYuxlGn,DEK560800015,no
62,Moth's Wings,Passion Pit,121,1B,73,24/03/2021,04:16,50,indie,Manners,2009-00-00,51,0,9,14,0,0,-6,B Major,4,1WETgXqmJ2NaziQhtav0pK,USSM10901008,no
63,Nothing To Worry About,Peter Bjorn and John,95,8B,62,24/03/2021,02:58,0,indie,Nothing To Worry About,13/02/2009,72,19,0,60,10,0,-7,C Major,4,3bxs5JeE5YjNUDMGhFw0It,SEUM70801795,no
64,Not Thinking Straight,Pint Shot Riot,164,9B,97,24/03/2021,02:22,0,,Not Thinking Straight,05/10/2009,35,0,9,68,0,10,-1,G Major,4,6su8buYl3ZxiQXZLGrwM2U,GBWNF0900009,no
65,War / No More Trouble (Remastered),Playing For Change,89,11A,53,24/03/2021,04:59,0,,Songs Around The World (10 Year Anniversary Edition),12/06/2020,76,28,1,84,0,10,-8,F#/G♭ Minor,4,15KahQimjTXzcGFWeuZYEH,USA2P2019339,no
66,Download the Revolution,Rocky Dawuni,138,6A,60,24/03/2021,04:41,22,"reggae, roots reggae",HOPE Campaign Tribute Album 2010,2006-00-00,81,22,0,77,10,70,-7,G Minor,4,7EhFDJSkmxjKMiBtVSOwAi,USQY51049051,no
67,It's What I Want,Röyksopp,126,2B,94,24/03/2021,03:06,32,"downtempo, electronica, trip hop",Junior,18/03/2009,69,2,1,31,0,40,-6,F#/G♭ Major,4,51KDGt4HRDbTcLcKNhkKuU,FRZ110802644,no
68,Science of Fear,The Temper Trap,150,9B,85,24/03/2021,04:17,0,,Conditions,24/03/2009,47,0,62,21,0,40,-7,G Major,4,40MgpK0HeGjUyR1SJpvxSi,GBZUZ0900003,no
69,1517,The Whitest Boy Alive,123,10A,54,24/03/2021,03:41,0,,Rules,27/02/2009,78,32,38,96,0,10,-8,B Minor,4,1sq5otKE9EWT2fkJrrJx6Q,DEKM50902007,no
70,MVP Kompa (feat. Melky Sedeck),"Wyclef Jean,Melky Sedeck",103,11A,91,24/03/2021,05:09,21,,Masquerade,21/05/2002,69,31,0,80,30,10,-5,F#/G♭ Minor,4,46l67EeIIofGVslFG7jHgD,USSM10207913,no
71,Vibrations,Zap Mama,103,10B,71,24/03/2021,03:27,14,"afropop, neo soul",ReCreation,22/06/2009,74,9,0,48,20,0,-8,D Major,4,2bHnoQZS6Saej1847RJF7k,USHU20915902,no
72,Can't Sleep - Radio Edit,Adrian Lux,128,10B,89,24/03/2021,03:11,0,,Adrian Lux,03/04/2012,66,0,2,29,0,0,-6,D Major,4,5QK2sScML06601G6K7mOtD,USUS11000384,no
73,1977,Ana Tijoux,104,8A,69,24/03/2021,03:21,57,"latin hip hop, latin alternative",1977,27/04/2010,70,0,0,58,0,10,-7,A Minor,4,7tOAN6w4a1LD0iqkRnIrhZ,CLEE20901888,no
74,Odessa,Caribou,118,3B,92,24/03/2021,05:15,0,idm,Swim,20/04/2010,70,0,8,62,0,30,-6,C♯/D♭ Major,4,5K6TfvT7sKAuEatUpHVvPQ,DED621000414,no
75,Tighten Up,The Black Keys,109,11A,71,24/03/2021,03:31,18,"blues rock, garage rock, modern blues, rock",Tighten Up,13/04/2010,50,0,0,57,0,40,-6,F#/G♭ Minor,4,2TffLAylCcpWANRIuUCwDg,USNO11000078,no
76,Trick Pony,Charlotte Gainsbourg,95,7B,86,24/03/2021,02:51,0,,IRM,27/11/2009,69,12,6,72,0,30,-7,F Major,4,1CvDBfATEHdVPacxeTrtxh,FR6P10901090,no
77,El Bombo (Tequemen El Bombo),ChocQuibTown,100,3A,80,24/03/2021,03:35,14,"salsa choke, colombian pop, latin alternative",Oro,02/03/2010,91,17,0,88,0,10,-6,A#/B♭ Minor,4,0tkF0KZHvO1wttR02Hq9T0,US66W0901749,no
78,Don't Turn the Lights On,Chromeo,116,4A,84,24/03/2021,04:32,36,"nu disco, alternative dance",Business Casual,13/09/2010,71,0,1,75,0,10,-5,F Minor,4,2cC48Dvkkw5YK9rLIr83OG,USAT21001137,no
79,Wonder,Dan Black,79,12B,58,24/03/2021,03:41,0,,UN (Special USA Edition),2009-00-00,64,0,1,45,0,0,-7,E Major,4,4dQ2dLuak4yzuhGikpbr1X,GBUM70903376,no
80,0 (Dospuntocero),Dapuntobeat,130,10B,96,24/03/2021,03:38,0,"mexican indie, latin indie, latin alternative",Off de Record,14/09/2010,67,1,19,84,0,30,-5,D Major,4,6AqT2rN39fZ0QO8LXudEYR,MX2611000003,no
81,It Only Takes One Night,Dum Dum Girls,172,10A,94,24/03/2021,02:02,0,dream pop,I Will Be,30/03/2010,31,0,0,53,0,50,-3,B Minor,4,1TM0ipSTznWDTBn6F1Ovqg,USSUB0984001,no
82,W.A.R.R.I.O.R.,Ebony Bones!,135,8B,95,24/03/2021,03:28,0,,Bone of My Bones,02/11/2009,68,32,0,47,20,40,-5,C Major,4,6MFlI0E1J0yoORsqNj6EOv,GBGNS0900494,no
83,Rhinestone Eyes,Gorillaz,93,1A,70,24/03/2021,03:20,76,,Plastic Beach,05/03/2010,68,9,0,85,0,0,-6,G#/A♭ Minor,4,1foMv2HQwfQ2vntFf9HFeG,GBAYE1000017,no
84,Paper Romance,"Groove Armada,Fenech-Soler,Saint Saviour",123,12B,71,24/03/2021,06:18,0,"big beat, trip hop, ",Black Light,02/03/2010,57,0,0,21,0,30,-6,E Major,4,1yw1rRHBsdJwT3kas9MmHf,USOM81040807,no
85,Controller,Howl,140,12B,95,24/03/2021,03:19,37,"norsk rock, sludge metal, stoner metal",Cold Water Music,08/03/2010,35,0,0,45,0,10,-4,E Major,4,2Oh2L9W9BOtGbDVK3Ui2CY,NOAFC1000013,no
86,Around Us,Jónsi,140,5B,64,24/03/2021,05:18,0,post-rock,Go,06/04/2010,21,11,1,6,0,20,-9,D#/E♭ Major,4,54U6kVHvWe4XPf5P9Y9baD,GBKEE1000100,no
87,White Picket Fences,Jump Jump Dance Dance,145,7A,87,24/03/2021,03:37,0,,Jump Jump Dance Dance,30/01/2012,39,0,0,35,0,0,-6,D Minor,4,4orkxwdVL0AgwzKQotk5iJ,AUNV01100306,no
88,Ace of Hz,Ladytron,122,9B,92,24/03/2021,03:37,0,"electroclash, alternative dance, synthpop",Ace of Hz [EP],11/01/2011,50,2,16,38,0,20,-4,G Major,4,3pS6fv4UZm9hvHqCLN0vP4,CAN111000270,no
89,I Can Change,LCD Soundsystem,117,3B,73,24/03/2021,05:52,65,"alternative dance, new rave",This Is Happening,17/05/2010,64,0,0,70,0,20,-7,C♯/D♭ Major,4,2073QOEC8rBtSyTsRyaWiP,US4GE1000023,no
90,Blackout,Linkin Park,135,11B,92,24/03/2021,04:39,0,"nu metal, rap metal, rock, alternative metal",A Thousand Suns,13/09/2010,54,19,0,37,0,40,-4,A Major,4,5IzDsRBAo3JaTpho5BcyGk,USWB11001852,yes
91,Snowflake,Malachai,130,10B,73,24/03/2021,03:30,0,,Ugly Side Of Love,02/02/2010,72,13,21,79,0,10,-4,D Major,4,4ScCcgdzAUmwwIvDqKnPmD,GBCEL0900463,no
92,El Tigeraso,"Maluca,Diplo",166,9A,73,24/03/2021,02:47,0,"moombahton, electrocumbia",El Tigeraso,25/08/2009,64,2,5,56,10,20,-7,E Minor,4,77QQb3KolcWnnV3LIBwk3g,USZ4V0700113,no
93,Record Collection,"Mark Ronson,The Business Intl",118,3A,88,24/03/2021,03:49,37,,Record Collection,21/09/2010,76,2,0,68,0,0,-5,A#/B♭ Minor,4,5FTs7Yq1HUPvJDNVoUo11Q,GBARL1000459,no
94,Splitting The Atom,"Massive Attack,Horace Andy",100,5A,36,24/03/2021,05:16,49,"trip hop, downtempo, roots reggae, dub, reggae, rocksteady, lovers rock, ragga",Heligoland,08/02/2010,72,50,4,59,0,10,-10,C Minor,4,1r9mGafUiSgumJoRqyLrSt,GBAAA0900841,no
95,Flash Delirium,MGMT,122,8A,80,24/03/2021,04:15,46,indie,Congratulations,09/04/2010,57,8,0,40,0,0,-4,A Minor,4,5esEbMt6LHtiha7cqsGdO7,USSM11000445,no
96,Sampleame,The Pinker Tones,140,10B,96,24/03/2021,03:36,23,latin alternative,Modular,29/06/2010,72,17,0,83,0,20,-6,D Major,4,5lavcMev0NOpWTprBIpwcd,GBHJV1000026,no
97,Flashbacks,Ram Di Dam,154,12B,75,24/03/2021,02:35,0,,A Liar To Admire Ep,22/04/2009,38,1,0,89,0,10,-6,E Major,4,2cRteiF1oVQYa2BEgpu6JP,SEYKC0800101,no
98,Fire With Fire,Scissor Sisters,132,3B,79,24/03/2021,04:13,0,,Night Work,29/06/2010,59,3,0,29,0,10,-5,C♯/D♭ Major,4,63kh6zXiJZTX0r2LalmvQS,GBUM71002122,no
99,Êfemera,Tulipa Ruiz,116,6B,52,24/03/2021,03:44,0,"new mpb, mpb",Efêmera,19/06/2010,84,75,0,94,0,10,-9,A#/B♭ Major,4,0iRIYx90xEgqfbFcwzrtFc,BRAGL1000020,no
100,I Can Talk,Two Door Cinema Club,163,8A,77,24/03/2021,02:55,0,"indie, indie rock",Tourist History,07/02/2010,47,0,18,64,20,30,-5,A Minor,4,783qeLLLyhPR9HBIPL6MVf,FRU700900083,no
101,Rules Don't Stop,We Are Scientists,135,10B,72,24/03/2021,02:16,0,indie rock,Barbara,15/06/2010,52,0,0,73,0,10,-12,D Major,4,386kUAHKNPzW0zCvZe3JJH,USME31000474,no
102,O.N.E.,Yeasayer,122,9B,94,24/03/2021,05:25,0,,Odd Blood,08/02/2010,61,0,43,40,0,30,-7,G Major,4,7xmfFYLr1KmvpjjaL3uS8M,US38W1021005,no
103,The Space Ahead,Zemaria,123,4B,60,24/03/2021,03:16,0,,Any Distance,06/09/2010,72,3,66,63,0,0,-8,G#/A♭ Major,4,1izQrRGOEWnXaax5UpCrzZ,FR9W11003864,no
104,Break The Spell,All Mankind,152,9A,82,24/03/2021,03:14,0,,Simple Desire,27/09/2011,55,0,0,83,0,30,-6,E Minor,4,5AESjYz79833HXE3nkYk9V,GBAJC1100103,no
105,Still a Soldier,Ancient Astronauts,101,1B,86,24/03/2021,03:48,40,"trip hop, downtempo",Into Bass and Time,2016-00-00,70,0,86,31,0,10,-9,B Major,4,0NnrJX6bPLIIEhH1XHcmsN,DEOV41600739,no
106,Escapee,Architecture In Helsinki,111,3B,74,24/03/2021,02:58,0,,Moment Bends,11/04/2011,67,4,0,73,0,10,-4,C♯/D♭ Major,4,6uh5EIr5yiHqOuTlD0cDmS,GBUM71100361,no
107,Só Tem Jogador,"Macacko,BlocoBleque,Gabriel O Pensador,Tiago Mocoto",100,12A,66,24/03/2021,03:48,31,"lullaby, brazilian hip hop, brazilian rock, mpb, samba",BlocoBleque,22/02/2019,72,6,0,86,0,40,-7,C♯/D♭ Minor,4,4J8YnRd5u21USIiBzsyDC4,BR2GA1200009,no
108,No Problem,Chase & Status,175,2B,95,24/03/2021,04:10,59,"drum and bass, jungle",No More Idols,01/01/2011,56,0,10,51,0,0,-6,F#/G♭ Major,4,5k3jdIh7BpJaV1DntDQoSD,GBUM71030624,no
109,Not In Love,"Crystal Castles,Robert Smith",136,6A,98,24/03/2021,03:46,0,"witch house, electroclash, new rave, alternative dance, ",(II),01/01/2011,48,0,1,20,0,30,-4,G Minor,4,5EtCkmRgO2NMfa3BQZMtBp,GBUM71029513,no
110,Hits Me Like A Rock,"CSS,Bobby Gillespie",95,10A,76,24/03/2021,03:35,0,"electroclash, new rave, alternative dance, ",Hits Me Like A Rock,22/06/2011,56,2,0,71,0,20,-6,B Minor,4,6h1xTtIJQIgwEGnD1dbrQB,GBUM71104012,no
111,Where I'm Going,Cut Copy,121,4B,86,24/03/2021,03:34,0,"alternative dance, indie dance, indie electronic, new rave",Zonoscope,2011-00-00,31,1,80,59,0,10,-4,G#/A♭ Major,4,4DNvpvop6aMiIVUEjQmuXm,AUUM71001982,no
112,Circles,Digitalism,140,1B,93,24/03/2021,03:47,0,"new rave, electroclash, french house","I Love You, Dude",20/06/2011,43,0,0,31,30,10,-4,B Major,3,66bIQ6gdDckq44lX8C5S8s,GBUM71102277,no
113,Latino & Proud,DJ Raff,98,3B,53,24/03/2021,03:40,0,,Latino & Proud,23/08/2011,85,14,0,96,30,30,-5,C♯/D♭ Major,4,42K8FhjlBMDBln3nT7x2c8,US66W1101014,no
114,Bombay,El Guincho,107,9B,89,24/03/2021,03:39,43,,Pop Negro,13/09/2010,74,10,0,69,0,30,-3,G Major,4,60aWOhenofxdFViDXn3lfp,GBBKS1000286,no
115,Sabor Tropical,Empresarios,110,7B,93,24/03/2021,03:32,0,electrocumbia,Sabor Tropical,08/02/2011,81,30,0,67,0,0,-6,F Major,4,0MxqPz52irl4aw5y5RheyZ,USZAK1003403,no
116,Call It What You Want,Foster The People,113,4A,97,24/03/2021,03:58,0,,Torches,24/06/2011,64,5,0,73,0,40,-4,F Minor,4,3blNHpuMiMLzgUsxXvBip1,USSM11101700,no
117,Up Up Up,GIVERS,117,10B,81,24/03/2021,04:33,0,,In Light,01/01/2011,42,0,0,30,10,20,-7,D Major,4,4pUDNUdo6op33CqkLv0lds,USYAH1100272,no
118,The World Is Yours,Glasvegas,132,8B,89,24/03/2021,04:53,34,,EUPHORIC /// HEARTBREAK \\\,04/04/2011,35,0,0,20,0,40,-4,C Major,4,51KyFpjLNwokcYrjxHxFee,GBARL1100017,no
119,Stare Into The Sun,Graffiti6,127,10B,73,24/03/2021,03:56,33,,Colours,2010-00-00,64,2,0,81,0,20,-7,D Major,4,0vXdd32H6j8ggGapOHfan1,USCA21102795,no
120,Colours - Captain Cuts Remix,"GROUPLOVE,Captain Cuts",102,3B,92,24/03/2021,04:32,44,"indie, ",Colours,18/10/2011,54,1,0,59,10,20,-5,C♯/D♭ Major,4,7DSUsf7q9WFoNQZNkoAFAE,USAT21101833,no
121,Let Go,The Japanese Popstars,128,8A,81,24/03/2021,05:22,32,,Let Go,01/01/2010,73,0,53,44,0,30,-5,A Minor,4,5HMsT7K9Pe2GQ69cxmLNpW,GBAAA1000361,no
122,Switchblade Smiles,Kasabian,106,7A,91,24/03/2021,04:13,39,"britpop, indie, indie rock",Velociraptor!,19/09/2011,25,5,39,26,20,10,-7,D Minor,4,4Qm13tC08v8k6a1UEr9Htb,GBARL1100548,no
123,El Buen Salvaje,La Vida Bohème,150,1B,95,24/03/2021,03:25,21,"latin alternative, latin indie, latin rock",Nuestra,10/05/2011,51,0,64,37,10,10,-6,B Major,4,4Ze7zZK6D4uCr0hwc94hUB,US66W1001913,no
124,Nightlight,Little Dragon,140,3A,84,24/03/2021,03:25,35,trip hop,Ritual Union,25/07/2011,72,1,10,97,0,10,-6,A#/B♭ Minor,4,2QY6M9htOiT952DAGgo55m,GBEWK1100044,no
125,Una Sola Voz,Macaco,92,10A,54,24/03/2021,03:26,31,"reggae en español, latin alternative",El Murmullo Del Fuego,23/03/2012,68,13,0,61,0,0,-6,B Minor,4,0w8Cl2ZUpE4uoOVNZ5DYVD,ESD011100046,no
126,Verstrahlt (feat. Yasha),"Marteria,Yasha",127,4A,75,24/03/2021,03:54,0,"german hip hop, german pop",Zum Glück in die Zukunft,30/08/2010,66,28,0,42,10,10,-6,F Minor,4,1L3eWOPIr3QP5yRXpYXLao,DEQ321000083,no
127,The Phoenix Alive,Monarchy,130,8A,81,24/03/2021,04:44,33,,Around The Sun,11/07/2011,79,17,3,80,0,20,-4,A Minor,4,4ZviFNubEKzhHBLE9UZ7TR,GBV9H1100003,no
128,Twisted Soul,Pint Shot Riot,165,7B,88,24/03/2021,03:08,0,,Spell It Out,07/03/2011,31,0,20,53,0,10,-5,F Major,4,2ugPI2fSQB7JV7yHOmSbs9,GBWNF1000024,no
129,Got It All (This Can't Be Living Now),Portugal. The Man,151,11B,92,24/03/2021,03:45,43,,In the Mountain in the Cloud,15/07/2011,43,20,0,39,0,0,-4,A Major,4,4tD3N8DxePEhUz1Bb4IL3V,USAT21100259,no
130,City,The Medics,145,10A,92,24/03/2021,02:24,0,,Dance Into The Dark,09/09/2011,47,0,0,57,0,20,-5,B Minor,4,0h7Pq0x5nU6g6yBaD9DZkt,NLD321100285,no
131,The Big Bang,Rock Mafia,96,5A,82,24/03/2021,02:40,0,,The Big Bang,29/10/2010,90,12,0,89,0,10,-3,C Minor,4,3zbrrPKjo7GprwgGyXzEsO,US3DF1011812,no
132,Energy,Spank Rock,117,9A,96,24/03/2021,03:29,0,baltimore club,Energy,29/08/2011,68,12,0,64,0,10,-4,E Minor,4,06qamDp8UqlLgkvgXm9RxD,USA371295991,no
133,Hold On,The Chain Gang Of 1974,124,6B,77,24/03/2021,08:09,0,,Wayward Fire,21/06/2011,55,0,9,35,0,10,-6,A#/B♭ Major,4,2LnrajrTTxWdUgLBdaGTpL,US8JX1100053,no
134,Punching In A Dream,The Naked And Famous,115,2B,88,24/03/2021,03:58,24,,"Passive Me, Aggressive You",2010-00-00,47,0,0,16,0,10,-4,F#/G♭ Major,4,5PtEpuVX03k9bOUwilL5EO,NZNK11000002,no
135,Machu Picchu,The Strokes,105,3B,82,24/03/2021,03:29,0,"garage rock, indie rock, alternative rock",Angles,21/03/2011,69,1,16,87,0,0,-5,C♯/D♭ Major,4,6QNnvkgk4DmRzosGBODltZ,USRC11100046,no
136,Hands,The Ting Tings,130,6A,88,24/03/2021,03:19,32,alternative dance,Hands,10/10/2010,78,3,0,80,0,10,-4,G Minor,4,3MGuubCU1L7XWcTWc5Obb1,GBARL1000986,no
137,Stargazer,Thievery Corporation,88,3A,85,24/03/2021,03:44,23,"trip hop, downtempo, acid jazz, lounge",Culture of Fear,28/06/2011,78,6,66,69,10,40,-4,A#/B♭ Minor,4,4690gu3Mf1543HCPiJseZj,USESL1117705,no
138,Wreckin' Bar (Ra Ra Ra),The Vaccines,90,4B,94,24/03/2021,01:21,0,"indie, indie rock",What Did You Expect from the Vaccines?,11/03/2011,40,0,0,78,0,20,-3,G#/A♭ Major,4,0TB7xPRIQ6sZqH8q50maWh,GBARL1001381,no
139,La Campana (feat. Maluca),"Alvin Risk,Tittsworth",126,10A,96,24/03/2021,04:55,25,"moombahton, dubstep, baltimore club",Two Strokes Raw,07/06/2011,74,2,69,26,10,20,-5,B Minor,4,1s4BNS1x8rcPlfyZiNPxSp,USA2P1166034,no
140,Will Do,TV On The Radio,80,7A,86,24/03/2021,03:44,0,"indie rock, indie",Nine Types of Light (Deluxe),01/01/2011,56,2,1,46,0,0,-4,D Minor,4,12qK99skiWreOErDkdmE6O,USUM71103171,no
141,Drownin',Tying Tiffany,180,12A,93,24/03/2021,03:29,0,"electroclash, darkwave, cold wave, witch house",Drownin',27/09/2011,35,0,0,56,0,0,-5,C♯/D♭ Minor,4,2V0AyrbClTpiJ3flYAVG6H,DEZ901100769,yes
142,If So,Atlas Genius,125,9B,70,24/03/2021,03:00,51,,When It Was Now,18/02/2013,65,0,0,65,0,30,-5,G Major,4,5yUXyXZSG80niT5hkh7ucf,USWB11300015,no
143,Get Away With It,Animal Kingdom,136,10A,86,24/03/2021,03:15,0,,The Looking Away,08/05/2012,51,2,0,50,0,40,-7,B Minor,4,5PauSKeWaaV5b8WiWm16xQ,USQE91200091,no
144,Panda,Astro,116,9B,85,24/03/2021,02:48,0,"latin indie, latin alternative",Astro,2012-00-00,44,0,8,85,0,0,-5,G Major,4,4itiW5Mona3QCo5h7RLQkU,TCABB1167489,no
145,Mark IV with Joshua Radin (From Fifa13),Ashtar Command,170,9B,65,24/03/2021,05:41,26,,Mark IV with Joshua Radin (From Fifa13),01/10/2012,35,0,35,13,0,20,-9,G Major,4,78xOxDHxkTTgdnQ4ItdG4K,TCABJ1265301,no
146,Feud,Band of Horses,149,10A,71,24/03/2021,02:56,38,,Mirage Rock,17/09/2012,47,0,0,40,0,0,-9,B Minor,4,7buyFRaLJqKZwmoE92K92R,USQX91201239,no
147,"Weight Of Living, Pt. II",Bastille,130,8B,80,24/03/2021,02:54,0,,Bad Blood,01/01/2013,57,2,0,42,0,10,-5,C Major,4,4uxcMlrKDqXOsNMrqaOVd6,GBAAA1200638,no
148,We Are Not Good People,Bloc Party,104,3A,93,24/03/2021,03:20,0,indie rock,Four,20/08/2012,45,0,0,37,0,30,-3,A#/B♭ Minor,4,4sk7C1DvC7F2Wbj97fUFzE,USJMZ1200063,no
149,Us Against the World,Clement Marfo & the Frontline,100,9A,97,24/03/2021,03:45,45,,Us Against the World,10/06/2019,58,0,0,51,10,0,-1,E Minor,4,10ZUDQaAvOjzX6HyjSkmlH,TCABX1411782,no
150,Follow,Crystal Fighters,152,10B,77,24/03/2021,03:16,0,,Star Of Love,03/10/2010,54,44,6,63,0,0,-6,D Major,4,0MMWj8de7P5rm4OnsJzlMn,GBE7C1000010,no
151,Professional Griefers,"deadmau5,Gerard Way",128,3B,49,24/03/2021,04:06,53,"edm, progressive house, dubstep, ",> album title goes here <,01/01/2012,73,0,27,64,0,20,-6,C♯/D♭ Major,4,47WNjXohtA1A6gY2zTKZ91,GBTDG1200462,no
152,Hail Bop,Django Django,124,3A,75,24/03/2021,04:03,31,,Django Django,21/08/2012,62,1,59,53,0,20,-7,A#/B♭ Minor,4,1DdwD53bHE7mQOkl2vrLXH,GBMVH1100600,no
153,Get Out While You Can,Duologue,122,10A,94,24/03/2021,04:18,0,,Underworld / Zeros,29/10/2012,28,0,0,32,10,30,-5,B Minor,4,4eNu8nxRhD9ASqUHixn7aY,USA561317799,no
154,TeKKno Scene,"Elliphant,Adam Kanyama",120,11B,75,24/03/2021,03:58,0,,TeKKno Scene,01/01/2012,76,1,6,46,0,40,-5,A Major,4,5vHiHyEmm1ykkdznHHF3hi,SEWEE1200801,yes
155,Got That Fire (Oh La Ha),"Featurecast,Pugs Atomz,Ill Legit",106,3B,88,24/03/2021,03:42,34,"breakbeat, ",Run for Cover,17/09/2012,64,0,0,52,0,20,-5,C♯/D♭ Major,4,6wPAXpyKHQSKQ762q5feJh,GBFBC1200839,no
156,Spark,Fitz and The Tantrums,133,3B,94,24/03/2021,03:18,46,,More Than Just a Dream,07/05/2013,75,5,0,90,0,0,-3,C♯/D♭ Major,4,56gyThTeNsbEGb8fPbHWKh,USAT21300150,no
157,Let It Roll,Flo Rida,127,9A,92,24/03/2021,03:14,56,,Wild Ones,22/06/2012,70,17,0,70,10,30,-4,E Minor,4,0W0FFzJ1lhTxt0JLrsiULh,USAT21202580,no
158,See the Light,"Foreign Beggars,Bare Noize",140,10B,93,24/03/2021,04:47,32,"dubstep, dub, grime, drumstep",The Uprising,01/09/2012,51,0,0,22,0,10,-5,D Major,4,12PXcazIOHvj1JSFRtUqGV,GBTDG1200455,yes
159,Don't Say Nothing,The Heavy,116,1B,88,24/03/2021,03:36,36,,The Glorious Dead,17/08/2012,71,0,0,64,0,0,-6,B Major,4,0RpDP1QKdqj6WMIeSIbNr7,GBCFB1200112,no
160,On Top Of The World,Imagine Dragons,100,8B,92,24/03/2021,03:12,78,,Night Visions,04/09/2012,63,8,0,76,10,0,-6,C Major,4,213x4gsFDm04hSqIUkg88w,USUM71201073,no
161,What Love,Jagwar Ma,174,11B,67,24/03/2021,03:52,0,,Howlin,10/06/2013,53,0,2,20,0,20,-8,A Major,4,1a5tak3PdocQ4zqG85MQuW,GBX721300011,no
162,Club Foot,Kasabian,102,8B,92,24/03/2021,03:34,43,"britpop, indie, indie rock",Kasabian,04/09/2004,24,3,0,12,0,0,-7,C Major,4,5wx5aqVGgv1jWLoGFKFdWM,GBARL0400705,no
163,Mark IV (with Joshua Radin) (Fifa13),"Joshua Radin,Ashtar Command",170,9B,65,24/03/2021,05:41,32,,American Sunshine Vol. 1,01/10/2012,35,0,35,13,0,20,-9,G Major,4,37toHg2qY3N2GjOnVPcUlD,TCABJ1264674,no
164,You're A Animal,Jonathan Boulet,160,10B,94,24/03/2021,03:28,28,,You're A Animal,01/01/2011,42,0,30,16,20,20,-5,D Major,4,62AJK2TGiMzVunRkDnnpf7,AUUM71002629,no
165,Come into My Head,Kimbra,157,3A,91,24/03/2021,04:37,34,,Vows,2011-00-00,62,0,1,76,10,30,-4,A#/B♭ Minor,4,5c8MZ50aKtRpwGNK6cx63a,USWB11200660,no
166,G# - EP Version,Kitten,135,4B,81,24/03/2021,04:45,35,,Cut It Out EP,2012-00-00,39,0,2,30,0,10,-4,G#/A♭ Major,4,7BaSei034daXRYT7HpuT2B,USAT21202790,no
167,Eure Mädchen,Kraftklub,163,8A,94,24/03/2021,02:54,48,"german indie, german pop, german indie pop",Mit K,01/01/2012,48,1,0,63,10,0,-3,A Minor,4,70VyfyHG2QlfvfK8ItBY0m,DEUM71103843,no
168,Black White & Blue,Ladyhawke,115,8B,82,24/03/2021,03:54,40,,Anxiety,01/01/2012,51,0,0,28,0,10,-2,C Major,4,4XUOxu0OcIF4ylDo5hsaTB,AUUM71101640,no
169,Finale (feat. Nicholas Petricca),"Madeon,Nicholas Petricca",92,6A,86,24/03/2021,03:25,48,"edm, french house, electropop, ",Finale,22/07/2012,42,1,0,17,0,10,-3,G Minor,4,0DanGj9TtgZIjJnHdTbW9v,GBARL1200788,no
170,Searchin,Matisyahu,95,12A,74,24/03/2021,04:19,30,"reggae, reggae rock, christian reggae",Spark Seeker,2012-00-00,60,5,0,34,10,10,-7,C♯/D♭ Minor,4,5SPBMS1VxNZekZ3z1nIUPt,GBBZV1354866,no
171,Speed the Collapse,Metric,95,9A,91,24/03/2021,03:42,0,,Synthetica,12/06/2012,47,1,4,59,0,0,-5,E Minor,4,2OOlzGqWeN8652uahlVjE8,CARB71211203,no
172,Paddling Out,Miike Snow,128,3A,83,24/03/2021,03:43,1,alternative dance,Happy to You,19/03/2012,61,1,0,36,0,10,-4,A#/B♭ Minor,4,0rfXn2iUwqQXzNvJgmcG6p,GBARL1101489,no
173,I'll Be Alright,Passion Pit,140,10B,87,24/03/2021,04:22,44,indie,Gossamer,23/07/2012,52,0,0,52,0,20,-5,D Major,4,2oq2dbjW3sxOY0BscMWd7Q,USSM11202618,no
174,Ghosts,The Presets,140,3B,68,24/03/2021,03:29,44,alternative dance,Pacifica (Deluxe),07/09/2012,61,15,0,55,0,20,-9,C♯/D♭ Major,4,0Q40MMjMXHPxLGfylep5a5,AUUM71200401,no
175,Sweet Sipping Soda,Reptar,146,10A,90,24/03/2021,05:41,0,,Body Faucet,30/04/2012,39,0,5,58,0,40,-6,B Minor,4,3RON3Q6FDrpCuvAKhmOO4Y,GBJET1200018,no
176,Shine the Light,Reverend And The Makers,106,9B,95,24/03/2021,03:25,0,,@Reverend_Makers,17/06/2012,51,1,0,35,0,20,-3,G Major,4,1Z0Fxgl11su2jitHEz5Mo8,GBCEJ1200096,no
177,Fly or Die,Rock Mafia,140,2B,88,24/03/2021,03:30,48,,Fly or Die,17/05/2011,60,2,0,62,10,0,-4,F#/G♭ Major,4,1mNjkH9yrJBxxzVOc5n5W0,US3DF1104463,no
178,Goldrushed,The Royal Concept,103,9B,89,24/03/2021,03:47,39,,Royal,01/01/2013,58,0,0,41,0,10,-6,G Major,4,49Iyikt59PD6VtmNDqg7e8,USUM71312286,no
179,Wild,Royal Teeth,112,4B,93,24/03/2021,04:33,0,,Act Naturally,01/05/2012,56,0,0,75,0,10,-6,G#/A♭ Major,4,4iV12Ue5NK1RcOTQgACWmI,US3R21208801,no
180,Big Mouth,Santigold,140,11B,89,24/03/2021,03:11,32,,Master of My Make-Believe,16/04/2012,67,8,7,34,10,10,-6,A Major,4,1mHMCIkZmLz8T4fY9ADzFJ,GBAHS1200085,no
181,September,St. Lucia,120,10B,62,24/03/2021,05:46,33,,September EP,24/09/2012,73,1,28,43,0,20,-7,D Major,4,5u4q8PgOpFOa5tG4yrFAzw,USSM11205087,no
182,Jungles,Stepdad,173,3B,89,24/03/2021,04:39,0,,Wildlife Pop,12/06/2012,41,0,5,20,0,40,-6,C♯/D♭ Major,4,5JKcYILWztRuet1cMQV4za,QMYL21100021,no
183,Sleep Alone,Two Door Cinema Club,148,8B,76,24/03/2021,03:56,0,"indie, indie rock",Beacon,03/09/2012,52,0,0,55,0,0,-5,C Major,4,1Y2bmdezcb0NPhksn0Q4lk,FRU701200089,no
184,Quesadilla,WALK THE MOON,145,11B,73,24/03/2021,03:15,45,,Walk The Moon,19/06/2012,55,0,0,64,0,0,-6,A Major,4,2CdNHP8DJ5tfbRoIRdcTeE,USRC11200439,no
185,We Come Running,Youngblood Hawke,125,6B,75,24/03/2021,04:08,40,,Youngblood Hawke,01/01/2012,56,0,0,26,0,10,-7,A#/B♭ Major,4,1PJmA0qqBEuXZqHk6dkHjg,USUM71208397,no
186,Rain Of Gold,Young Empires,128,4B,93,24/03/2021,03:16,45,,Wake All My Youth,23/04/2013,65,17,0,91,0,10,-3,G#/A♭ Major,4,1ieTJuI2QzEGLBBHUIWbs2,CA1C71100091,no
187,Past 2,Zemaria,124,3B,50,24/03/2021,03:39,0,,Past 2 EP,23/09/2012,75,0,5,77,0,0,-6,C♯/D♭ Major,4,0ooAY1ZsU7K9xgu35ga3IP,FR9W11209833,no
188,The City,The 1975,95,8B,96,24/03/2021,03:26,48,,The 1975,01/01/2013,49,0,0,69,0,10,-5,C Major,4,0a612uSmQ7zXV54buD9LSn,GBK3W1000206,no
189,Hit It,American Authors,120,9B,93,24/03/2021,03:26,1,,American Authors,27/08/2013,64,0,0,76,0,40,-4,G Major,4,1XSJhEiT3TdG7aoX6Gwf7j,USUM71309216,no
190,Ratchet,Bloc Party,138,8B,74,24/03/2021,03:18,0,indie rock,Ratchet,26/06/2013,75,1,0,85,10,0,-6,C Major,4,3FS6scrjTe6gUlm0ylS7YL,USJMZ1300041,yes
191,Miko,The Chain Gang Of 1974,155,11A,92,24/03/2021,03:02,43,,Daydream Forever,28/01/2014,48,0,90,62,0,10,-6,F#/G♭ Minor,4,7rZtlqFnct512PSecidpS0,USWB11302195,no
192,We Sink,CHVRCHES,125,10B,81,24/03/2021,03:31,0,synthpop,The Bones Of What You Believe (Special Edition),01/01/2013,61,0,0,47,0,50,-6,D Major,4,4t7EGF0kXG5KeFrQ7hxdc1,GBZN81300020,no
193,Little Games,The Colourist,111,6B,82,24/03/2021,02:42,0,,Little Games,01/01/2013,58,0,0,64,0,10,-5,A#/B♭ Major,4,6K9yWFfS1Kw6EIVXmjxWfx,USUM71308425,no
194,Love Natural,Crystal Fighters,133,1B,79,24/03/2021,03:19,45,,Cave Rave,28/05/2013,65,3,0,63,0,30,-6,B Major,4,6wpx4u1PeQlXEvZMPQ49sU,GBE7C1300107,no
195,Compliment Your Soul,Dan Croll,83,8B,88,24/03/2021,03:01,45,,Sweet Disarray,01/01/2014,24,0,1,47,0,40,-4,C Major,3,0pYIbG6swaHaf4oTvZnRfQ,GBUM71301411,no
196,Runnin',David Dallas,148,4A,84,24/03/2021,03:46,1,,Runnin' - Single,22/08/2013,73,44,0,66,20,20,-6,F Minor,4,2AOEc2QFrPUaMQzh7hJVDV,US6YF1300048,no
197,Down Town,De Staat,153,8A,88,24/03/2021,03:08,0,,I_CON,06/09/2013,46,0,0,79,0,70,-6,A Minor,4,1NWuKCvhqHptBlFK3HD7TK,NLB931300430,no
198,F For You,Disclosure,124,2A,81,24/03/2021,04:29,47,house,Settle (Deluxe),03/06/2013,75,1,3,23,0,10,-7,D#/E♭ Minor,4,2XnnUZJIWSvq5AsE2PpoSz,GBUM71302619,no
199,Alive,Empire Of The Sun,120,7B,88,24/03/2021,03:24,2,,Alive,01/01/2013,52,11,0,39,0,0,-3,F Major,4,7tqG3RAo8h9pHxCJFn7bZb,AUEI11300006,no
200,My Number,Foals,128,11A,74,24/03/2021,04:00,4,indie,Holy Fire,11/02/2013,64,3,0,83,0,40,-8,F#/G♭ Minor,4,4c9WmjVlQMr0s1IjbYO52Z,GBAHT1200723,no
201,Rules Don't Stop,We Are Scientists,135,10B,72,24/03/2021,02:16,0,indie rock,Barbara,15/06/2010,52,0,0,73,0,10,-12,D Major,4,386kUAHKNPzW0zCvZe3JJH,USME31000474,no
202,O.N.E.,Yeasayer,122,9B,94,24/03/2021,05:25,0,,Odd Blood,08/02/2010,61,0,43,40,0,30,-7,G Major,4,7xmfFYLr1KmvpjjaL3uS8M,US38W1021005,no
203,The Space Ahead,Zemaria,123,4B,60,24/03/2021,03:16,0,,Any Distance,06/09/2010,72,3,66,63,0,0,-8,G#/A♭ Major,4,1izQrRGOEWnXaax5UpCrzZ,FR9W11003864,no
204,Break The Spell,All Mankind,152,9A,82,24/03/2021,03:14,0,,Simple Desire,27/09/2011,55,0,0,83,0,30,-6,E Minor,4,5AESjYz79833HXE3nkYk9V,GBAJC1100103,no
205,Still a Soldier,Ancient Astronauts,101,1B,86,24/03/2021,03:48,40,"trip hop, downtempo",Into Bass and Time,2016-00-00,70,0,86,31,0,10,-9,B Major,4,0NnrJX6bPLIIEhH1XHcmsN,DEOV41600739,no
206,Escapee,Architecture In Helsinki,111,3B,74,24/03/2021,02:58,0,,Moment Bends,11/04/2011,67,4,0,73,0,10,-4,C♯/D♭ Major,4,6uh5EIr5yiHqOuTlD0cDmS,GBUM71100361,no
207,Só Tem Jogador,"Macacko,BlocoBleque,Gabriel O Pensador,Tiago Mocoto",100,12A,66,24/03/2021,03:48,31,"lullaby, brazilian hip hop, brazilian rock, mpb, samba",BlocoBleque,22/02/2019,72,6,0,86,0,40,-7,C♯/D♭ Minor,4,4J8YnRd5u21USIiBzsyDC4,BR2GA1200009,no
208,No Problem,Chase & Status,175,2B,95,24/03/2021,04:10,59,"drum and bass, jungle",No More Idols,01/01/2011,56,0,10,51,0,0,-6,F#/G♭ Major,4,5k3jdIh7BpJaV1DntDQoSD,GBUM71030624,no
209,Not In Love,"Crystal Castles,Robert Smith",136,6A,98,24/03/2021,03:46,0,"witch house, electroclash, new rave, alternative dance, ",(II),01/01/2011,48,0,1,20,0,30,-4,G Minor,4,5EtCkmRgO2NMfa3BQZMtBp,GBUM71029513,no
210,Hits Me Like A Rock,"CSS,Bobby Gillespie",95,10A,76,24/03/2021,03:35,0,"electroclash, new rave, alternative dance, ",Hits Me Like A Rock,22/06/2011,56,2,0,71,0,20,-6,B Minor,4,6h1xTtIJQIgwEGnD1dbrQB,GBUM71104012,no
211,Where I'm Going,Cut Copy,121,4B,86,24/03/2021,03:34,0,"alternative dance, indie dance, indie electronic, new rave",Zonoscope,2011-00-00,31,1,80,59,0,10,-4,G#/A♭ Major,4,4DNvpvop6aMiIVUEjQmuXm,AUUM71001982,no
212,Circles,Digitalism,140,1B,93,24/03/2021,03:47,0,"new rave, electroclash, french house","I Love You, Dude",20/06/2011,43,0,0,31,30,10,-4,B Major,3,66bIQ6gdDckq44lX8C5S8s,GBUM71102277,no
213,Latino & Proud,DJ Raff,98,3B,53,24/03/2021,03:40,0,,Latino & Proud,23/08/2011,85,14,0,96,30,30,-5,C♯/D♭ Major,4,42K8FhjlBMDBln3nT7x2c8,US66W1101014,no
214,Bombay,El Guincho,107,9B,89,24/03/2021,03:39,43,,Pop Negro,13/09/2010,74,10,0,69,0,30,-3,G Major,4,60aWOhenofxdFViDXn3lfp,GBBKS1000286,no
215,Sabor Tropical,Empresarios,110,7B,93,24/03/2021,03:32,0,electrocumbia,Sabor Tropical,08/02/2011,81,30,0,67,0,0,-6,F Major,4,0MxqPz52irl4aw5y5RheyZ,USZAK1003403,no
216,Call It What You Want,Foster The People,113,4A,97,24/03/2021,03:58,0,,Torches,24/06/2011,64,5,0,73,0,40,-4,F Minor,4,3blNHpuMiMLzgUsxXvBip1,USSM11101700,no
217,Up Up Up,GIVERS,117,10B,81,24/03/2021,04:33,0,,In Light,01/01/2011,42,0,0,30,10,20,-7,D Major,4,4pUDNUdo6op33CqkLv0lds,USYAH1100272,no
218,The World Is Yours,Glasvegas,132,8B,89,24/03/2021,04:53,34,,EUPHORIC /// HEARTBREAK \\\,04/04/2011,35,0,0,20,0,40,-4,C Major,4,51KyFpjLNwokcYrjxHxFee,GBARL1100017,no
219,Stare Into The Sun,Graffiti6,127,10B,73,24/03/2021,03:56,33,,Colours,2010-00-00,64,2,0,81,0,20,-7,D Major,4,0vXdd32H6j8ggGapOHfan1,USCA21102795,no
220,Colours - Captain Cuts Remix,"GROUPLOVE,Captain Cuts",102,3B,92,24/03/2021,04:32,44,"indie, ",Colours,18/10/2011,54,1,0,59,10,20,-5,C♯/D♭ Major,4,7DSUsf7q9WFoNQZNkoAFAE,USAT21101833,no
221,Let Go,The Japanese Popstars,128,8A,81,24/03/2021,05:22,32,,Let Go,01/01/2010,73,0,53,44,0,30,-5,A Minor,4,5HMsT7K9Pe2GQ69cxmLNpW,GBAAA1000361,no
222,Switchblade Smiles,Kasabian,106,7A,91,24/03/2021,04:13,39,"britpop, indie, indie rock",Velociraptor!,19/09/2011,25,5,39,26,20,10,-7,D Minor,4,4Qm13tC08v8k6a1UEr9Htb,GBARL1100548,no
223,El Buen Salvaje,La Vida Bohème,150,1B,95,24/03/2021,03:25,21,"latin alternative, latin indie, latin rock",Nuestra,10/05/2011,51,0,64,37,10,10,-6,B Major,4,4Ze7zZK6D4uCr0hwc94hUB,US66W1001913,no
224,Nightlight,Little Dragon,140,3A,84,24/03/2021,03:25,35,trip hop,Ritual Union,25/07/2011,72,1,10,97,0,10,-6,A#/B♭ Minor,4,2QY6M9htOiT952DAGgo55m,GBEWK1100044,no
225,Una Sola Voz,Macaco,92,10A,54,24/03/2021,03:26,31,"reggae en español, latin alternative",El Murmullo Del Fuego,23/03/2012,68,13,0,61,0,0,-6,B Minor,4,0w8Cl2ZUpE4uoOVNZ5DYVD,ESD011100046,no
226,Verstrahlt (feat. Yasha),"Marteria,Yasha",127,4A,75,24/03/2021,03:54,0,"german hip hop, german pop",Zum Glück in die Zukunft,30/08/2010,66,28,0,42,10,10,-6,F Minor,4,1L3eWOPIr3QP5yRXpYXLao,DEQ321000083,no
227,The Phoenix Alive,Monarchy,130,8A,81,24/03/2021,04:44,33,,Around The Sun,11/07/2011,79,17,3,80,0,20,-4,A Minor,4,4ZviFNubEKzhHBLE9UZ7TR,GBV9H1100003,no
228,Twisted Soul,Pint Shot Riot,165,7B,88,24/03/2021,03:08,0,,Spell It Out,07/03/2011,31,0,20,53,0,10,-5,F Major,4,2ugPI2fSQB7JV7yHOmSbs9,GBWNF1000024,no
229,Got It All (This Can't Be Living Now),Portugal. The Man,151,11B,92,24/03/2021,03:45,43,,In the Mountain in the Cloud,15/07/2011,43,20,0,39,0,0,-4,A Major,4,4tD3N8DxePEhUz1Bb4IL3V,USAT21100259,no
230,City,The Medics,145,10A,92,24/03/2021,02:24,0,,Dance Into The Dark,09/09/2011,47,0,0,57,0,20,-5,B Minor,4,0h7Pq0x5nU6g6yBaD9DZkt,NLD321100285,no
231,The Big Bang,Rock Mafia,96,5A,82,24/03/2021,02:40,0,,The Big Bang,29/10/2010,90,12,0,89,0,10,-3,C Minor,4,3zbrrPKjo7GprwgGyXzEsO,US3DF1011812,no
232,Energy,Spank Rock,117,9A,96,24/03/2021,03:29,0,baltimore club,Energy,29/08/2011,68,12,0,64,0,10,-4,E Minor,4,06qamDp8UqlLgkvgXm9RxD,USA371295991,no
233,Hold On,The Chain Gang Of 1974,124,6B,77,24/03/2021,08:09,0,,Wayward Fire,21/06/2011,55,0,9,35,0,10,-6,A#/B♭ Major,4,2LnrajrTTxWdUgLBdaGTpL,US8JX1100053,no
234,Punching In A Dream,The Naked And Famous,115,2B,88,24/03/2021,03:58,24,,"Passive Me, Aggressive You",2010-00-00,47,0,0,16,0,10,-4,F#/G♭ Major,4,5PtEpuVX03k9bOUwilL5EO,NZNK11000002,no
235,Machu Picchu,The Strokes,105,3B,82,24/03/2021,03:29,0,"garage rock, indie rock, alternative rock",Angles,21/03/2011,69,1,16,87,0,0,-5,C♯/D♭ Major,4,6QNnvkgk4DmRzosGBODltZ,USRC11100046,no
236,Hands,The Ting Tings,130,6A,88,24/03/2021,03:19,32,alternative dance,Hands,10/10/2010,78,3,0,80,0,10,-4,G Minor,4,3MGuubCU1L7XWcTWc5Obb1,GBARL1000986,no
237,Stargazer,Thievery Corporation,88,3A,85,24/03/2021,03:44,23,"trip hop, downtempo, acid jazz, lounge",Culture of Fear,28/06/2011,78,6,66,69,10,40,-4,A#/B♭ Minor,4,4690gu3Mf1543HCPiJseZj,USESL1117705,no
238,Wreckin' Bar (Ra Ra Ra),The Vaccines,90,4B,94,24/03/2021,01:21,0,"indie, indie rock",What Did You Expect from the Vaccines?,11/03/2011,40,0,0,78,0,20,-3,G#/A♭ Major,4,0TB7xPRIQ6sZqH8q50maWh,GBARL1001381,no
239,La Campana (feat. Maluca),"Alvin Risk,Tittsworth",126,10A,96,24/03/2021,04:55,25,"moombahton, dubstep, baltimore club",Two Strokes Raw,07/06/2011,74,2,69,26,10,20,-5,B Minor,4,1s4BNS1x8rcPlfyZiNPxSp,USA2P1166034,no
240,Will Do,TV On The Radio,80,7A,86,24/03/2021,03:44,0,"indie rock, indie",Nine Types of Light (Deluxe),01/01/2011,56,2,1,46,0,0,-4,D Minor,4,12qK99skiWreOErDkdmE6O,USUM71103171,no
241,Drownin',Tying Tiffany,180,12A,93,24/03/2021,03:29,0,"electroclash, darkwave, cold wave, witch house",Drownin',27/09/2011,35,0,0,56,0,0,-5,C♯/D♭ Minor,4,2V0AyrbClTpiJ3flYAVG6H,DEZ901100769,yes
242,If So,Atlas Genius,125,9B,70,24/03/2021,03:00,51,,When It Was Now,18/02/2013,65,0,0,65,0,30,-5,G Major,4,5yUXyXZSG80niT5hkh7ucf,USWB11300015,no
243,Get Away With It,Animal Kingdom,136,10A,86,24/03/2021,03:15,0,,The Looking Away,08/05/2012,51,2,0,50,0,40,-7,B Minor,4,5PauSKeWaaV5b8WiWm16xQ,USQE91200091,no
244,Panda,Astro,116,9B,85,24/03/2021,02:48,0,"latin indie, latin alternative",Astro,2012-00-00,44,0,8,85,0,0,-5,G Major,4,4itiW5Mona3QCo5h7RLQkU,TCABB1167489,no
245,Mark IV with Joshua Radin (From Fifa13),Ashtar Command,170,9B,65,24/03/2021,05:41,26,,Mark IV with Joshua Radin (From Fifa13),01/10/2012,35,0,35,13,0,20,-9,G Major,4,78xOxDHxkTTgdnQ4ItdG4K,TCABJ1265301,no
246,Feud,Band of Horses,149,10A,71,24/03/2021,02:56,38,,Mirage Rock,17/09/2012,47,0,0,40,0,0,-9,B Minor,4,7buyFRaLJqKZwmoE92K92R,USQX91201239,no
247,"Weight Of Living, Pt. II",Bastille,130,8B,80,24/03/2021,02:54,0,,Bad Blood,01/01/2013,57,2,0,42,0,10,-5,C Major,4,4uxcMlrKDqXOsNMrqaOVd6,GBAAA1200638,no
248,We Are Not Good People,Bloc Party,104,3A,93,24/03/2021,03:20,0,indie rock,Four,20/08/2012,45,0,0,37,0,30,-3,A#/B♭ Minor,4,4sk7C1DvC7F2Wbj97fUFzE,USJMZ1200063,no
249,Us Against the World,Clement Marfo & the Frontline,100,9A,97,24/03/2021,03:45,45,,Us Against the World,10/06/2019,58,0,0,51,10,0,-1,E Minor,4,10ZUDQaAvOjzX6HyjSkmlH,TCABX1411782,no
250,Follow,Crystal Fighters,152,10B,77,24/03/2021,03:16,0,,Star Of Love,03/10/2010,54,44,6,63,0,0,-6,D Major,4,0MMWj8de7P5rm4OnsJzlMn,GBE7C1000010,no
251,Professional Griefers,"deadmau5,Gerard Way",128,3B,49,24/03/2021,04:06,53,"edm, progressive house, dubstep, ",> album title goes here <,01/01/2012,73,0,27,64,0,20,-6,C♯/D♭ Major,4,47WNjXohtA1A6gY2zTKZ91,GBTDG1200462,no
252,Hail Bop,Django Django,124,3A,75,24/03/2021,04:03,31,,Django Django,21/08/2012,62,1,59,53,0,20,-7,A#/B♭ Minor,4,1DdwD53bHE7mQOkl2vrLXH,GBMVH1100600,no
253,Get Out While You Can,Duologue,122,10A,94,24/03/2021,04:18,0,,Underworld / Zeros,29/10/2012,28,0,0,32,10,30,-5,B Minor,4,4eNu8nxRhD9ASqUHixn7aY,USA561317799,no
254,TeKKno Scene,"Elliphant,Adam Kanyama",120,11B,75,24/03/2021,03:58,0,,TeKKno Scene,01/01/2012,76,1,6,46,0,40,-5,A Major,4,5vHiHyEmm1ykkdznHHF3hi,SEWEE1200801,yes
255,Got That Fire (Oh La Ha),"Featurecast,Pugs Atomz,Ill Legit",106,3B,88,24/03/2021,03:42,34,"breakbeat, ",Run for Cover,17/09/2012,64,0,0,52,0,20,-5,C♯/D♭ Major,4,6wPAXpyKHQSKQ762q5feJh,GBFBC1200839,no
256,Spark,Fitz and The Tantrums,133,3B,94,24/03/2021,03:18,46,,More Than Just a Dream,07/05/2013,75,5,0,90,0,0,-3,C♯/D♭ Major,4,56gyThTeNsbEGb8fPbHWKh,USAT21300150,no
257,Let It Roll,Flo Rida,127,9A,92,24/03/2021,03:14,56,,Wild Ones,22/06/2012,70,17,0,70,10,30,-4,E Minor,4,0W0FFzJ1lhTxt0JLrsiULh,USAT21202580,no
258,See the Light,"Foreign Beggars,Bare Noize",140,10B,93,24/03/2021,04:47,32,"dubstep, dub, grime, drumstep",The Uprising,01/09/2012,51,0,0,22,0,10,-5,D Major,4,12PXcazIOHvj1JSFRtUqGV,GBTDG1200455,yes
259,Don't Say Nothing,The Heavy,116,1B,88,24/03/2021,03:36,36,,The Glorious Dead,17/08/2012,71,0,0,64,0,0,-6,B Major,4,0RpDP1QKdqj6WMIeSIbNr7,GBCFB1200112,no
260,On Top Of The World,Imagine Dragons,100,8B,92,24/03/2021,03:12,78,,Night Visions,04/09/2012,63,8,0,76,10,0,-6,C Major,4,213x4gsFDm04hSqIUkg88w,USUM71201073,no
261,What Love,Jagwar Ma,174,11B,67,24/03/2021,03:52,0,,Howlin,10/06/2013,53,0,2,20,0,20,-8,A Major,4,1a5tak3PdocQ4zqG85MQuW,GBX721300011,no
262,Club Foot,Kasabian,102,8B,92,24/03/2021,03:34,43,"britpop, indie, indie rock",Kasabian,04/09/2004,24,3,0,12,0,0,-7,C Major,4,5wx5aqVGgv1jWLoGFKFdWM,GBARL0400705,no
263,Mark IV (with Joshua Radin) (Fifa13),"Joshua Radin,Ashtar Command",170,9B,65,24/03/2021,05:41,32,,American Sunshine Vol. 1,01/10/2012,35,0,35,13,0,20,-9,G Major,4,37toHg2qY3N2GjOnVPcUlD,TCABJ1264674,no
264,You're A Animal,Jonathan Boulet,160,10B,94,24/03/2021,03:28,28,,You're A Animal,01/01/2011,42,0,30,16,20,20,-5,D Major,4,62AJK2TGiMzVunRkDnnpf7,AUUM71002629,no
265,Come into My Head,Kimbra,157,3A,91,24/03/2021,04:37,34,,Vows,2011-00-00,62,0,1,76,10,30,-4,A#/B♭ Minor,4,5c8MZ50aKtRpwGNK6cx63a,USWB11200660,no
266,G# - EP Version,Kitten,135,4B,81,24/03/2021,04:45,35,,Cut It Out EP,2012-00-00,39,0,2,30,0,10,-4,G#/A♭ Major,4,7BaSei034daXRYT7HpuT2B,USAT21202790,no
267,Eure Mädchen,Kraftklub,163,8A,94,24/03/2021,02:54,48,"german indie, german pop, german indie pop",Mit K,01/01/2012,48,1,0,63,10,0,-3,A Minor,4,70VyfyHG2QlfvfK8ItBY0m,DEUM71103843,no
268,Black White & Blue,Ladyhawke,115,8B,82,24/03/2021,03:54,40,,Anxiety,01/01/2012,51,0,0,28,0,10,-2,C Major,4,4XUOxu0OcIF4ylDo5hsaTB,AUUM71101640,no
269,Finale (feat. Nicholas Petricca),"Madeon,Nicholas Petricca",92,6A,86,24/03/2021,03:25,48,"edm, french house, electropop, ",Finale,22/07/2012,42,1,0,17,0,10,-3,G Minor,4,0DanGj9TtgZIjJnHdTbW9v,GBARL1200788,no
270,Searchin,Matisyahu,95,12A,74,24/03/2021,04:19,30,"reggae, reggae rock, christian reggae",Spark Seeker,2012-00-00,60,5,0,34,10,10,-7,C♯/D♭ Minor,4,5SPBMS1VxNZekZ3z1nIUPt,GBBZV1354866,no
271,Speed the Collapse,Metric,95,9A,91,24/03/2021,03:42,0,,Synthetica,12/06/2012,47,1,4,59,0,0,-5,E Minor,4,2OOlzGqWeN8652uahlVjE8,CARB71211203,no
272,Paddling Out,Miike Snow,128,3A,83,24/03/2021,03:43,1,alternative dance,Happy to You,19/03/2012,61,1,0,36,0,10,-4,A#/B♭ Minor,4,0rfXn2iUwqQXzNvJgmcG6p,GBARL1101489,no
273,I'll Be Alright,Passion Pit,140,10B,87,24/03/2021,04:22,44,indie,Gossamer,23/07/2012,52,0,0,52,0,20,-5,D Major,4,2oq2dbjW3sxOY0BscMWd7Q,USSM11202618,no
274,Ghosts,The Presets,140,3B,68,24/03/2021,03:29,44,alternative dance,Pacifica (Deluxe),07/09/2012,61,15,0,55,0,20,-9,C♯/D♭ Major,4,0Q40MMjMXHPxLGfylep5a5,AUUM71200401,no
275,Sweet Sipping Soda,Reptar,146,10A,90,24/03/2021,05:41,0,,Body Faucet,30/04/2012,39,0,5,58,0,40,-6,B Minor,4,3RON3Q6FDrpCuvAKhmOO4Y,GBJET1200018,no
276,Shine the Light,Reverend And The Makers,106,9B,95,24/03/2021,03:25,0,,@Reverend_Makers,17/06/2012,51,1,0,35,0,20,-3,G Major,4,1Z0Fxgl11su2jitHEz5Mo8,GBCEJ1200096,no
277,Fly or Die,Rock Mafia,140,2B,88,24/03/2021,03:30,48,,Fly or Die,17/05/2011,60,2,0,62,10,0,-4,F#/G♭ Major,4,1mNjkH9yrJBxxzVOc5n5W0,US3DF1104463,no
278,Goldrushed,The Royal Concept,103,9B,89,24/03/2021,03:47,39,,Royal,01/01/2013,58,0,0,41,0,10,-6,G Major,4,49Iyikt59PD6VtmNDqg7e8,USUM71312286,no
279,Wild,Royal Teeth,112,4B,93,24/03/2021,04:33,0,,Act Naturally,01/05/2012,56,0,0,75,0,10,-6,G#/A♭ Major,4,4iV12Ue5NK1RcOTQgACWmI,US3R21208801,no
280,Big Mouth,Santigold,140,11B,89,24/03/2021,03:11,32,,Master of My Make-Believe,16/04/2012,67,8,7,34,10,10,-6,A Major,4,1mHMCIkZmLz8T4fY9ADzFJ,GBAHS1200085,no
281,September,St. Lucia,120,10B,62,24/03/2021,05:46,33,,September EP,24/09/2012,73,1,28,43,0,20,-7,D Major,4,5u4q8PgOpFOa5tG4yrFAzw,USSM11205087,no
282,Jungles,Stepdad,173,3B,89,24/03/2021,04:39,0,,Wildlife Pop,12/06/2012,41,0,5,20,0,40,-6,C♯/D♭ Major,4,5JKcYILWztRuet1cMQV4za,QMYL21100021,no
283,Sleep Alone,Two Door Cinema Club,148,8B,76,24/03/2021,03:56,0,"indie, indie rock",Beacon,03/09/2012,52,0,0,55,0,0,-5,C Major,4,1Y2bmdezcb0NPhksn0Q4lk,FRU701200089,no
284,Quesadilla,WALK THE MOON,145,11B,73,24/03/2021,03:15,45,,Walk The Moon,19/06/2012,55,0,0,64,0,0,-6,A Major,4,2CdNHP8DJ5tfbRoIRdcTeE,USRC11200439,no
285,We Come Running,Youngblood Hawke,125,6B,75,24/03/2021,04:08,40,,Youngblood Hawke,01/01/2012,56,0,0,26,0,10,-7,A#/B♭ Major,4,1PJmA0qqBEuXZqHk6dkHjg,USUM71208397,no
286,Rain Of Gold,Young Empires,128,4B,93,24/03/2021,03:16,45,,Wake All My Youth,23/04/2013,65,17,0,91,0,10,-3,G#/A♭ Major,4,1ieTJuI2QzEGLBBHUIWbs2,CA1C71100091,no
287,Past 2,Zemaria,124,3B,50,24/03/2021,03:39,0,,Past 2 EP,23/09/2012,75,0,5,77,0,0,-6,C♯/D♭ Major,4,0ooAY1ZsU7K9xgu35ga3IP,FR9W11209833,no
288,The City,The 1975,95,8B,96,24/03/2021,03:26,48,,The 1975,01/01/2013,49,0,0,69,0,10,-5,C Major,4,0a612uSmQ7zXV54buD9LSn,GBK3W1000206,no
289,Hit It,American Authors,120,9B,93,24/03/2021,03:26,1,,American Authors,27/08/2013,64,0,0,76,0,40,-4,G Major,4,1XSJhEiT3TdG7aoX6Gwf7j,USUM71309216,no
290,Ratchet,Bloc Party,138,8B,74,24/03/2021,03:18,0,indie rock,Ratchet,26/06/2013,75,1,0,85,10,0,-6,C Major,4,3FS6scrjTe6gUlm0ylS7YL,USJMZ1300041,yes
291,Miko,The Chain Gang Of 1974,155,11A,92,24/03/2021,03:02,43,,Daydream Forever,28/01/2014,48,0,90,62,0,10,-6,F#/G♭ Minor,4,7rZtlqFnct512PSecidpS0,USWB11302195,no
292,We Sink,CHVRCHES,125,10B,81,24/03/2021,03:31,0,synthpop,The Bones Of What You Believe (Special Edition),01/01/2013,61,0,0,47,0,50,-6,D Major,4,4t7EGF0kXG5KeFrQ7hxdc1,GBZN81300020,no
293,Little Games,The Colourist,111,6B,82,24/03/2021,02:42,0,,Little Games,01/01/2013,58,0,0,64,0,10,-5,A#/B♭ Major,4,6K9yWFfS1Kw6EIVXmjxWfx,USUM71308425,no
294,Love Natural,Crystal Fighters,133,1B,79,24/03/2021,03:19,45,,Cave Rave,28/05/2013,65,3,0,63,0,30,-6,B Major,4,6wpx4u1PeQlXEvZMPQ49sU,GBE7C1300107,no
295,Compliment Your Soul,Dan Croll,83,8B,88,24/03/2021,03:01,45,,Sweet Disarray,01/01/2014,24,0,1,47,0,40,-4,C Major,3,0pYIbG6swaHaf4oTvZnRfQ,GBUM71301411,no
296,Runnin',David Dallas,148,4A,84,24/03/2021,03:46,1,,Runnin' - Single,22/08/2013,73,44,0,66,20,20,-6,F Minor,4,2AOEc2QFrPUaMQzh7hJVDV,US6YF1300048,no
297,Down Town,De Staat,153,8A,88,24/03/2021,03:08,0,,I_CON,06/09/2013,46,0,0,79,0,70,-6,A Minor,4,1NWuKCvhqHptBlFK3HD7TK,NLB931300430,no
298,F For You,Disclosure,124,2A,81,24/03/2021,04:29,47,house,Settle (Deluxe),03/06/2013,75,1,3,23,0,10,-7,D#/E♭ Minor,4,2XnnUZJIWSvq5AsE2PpoSz,GBUM71302619,no
299,Alive,Empire Of The Sun,120,7B,88,24/03/2021,03:24,2,,Alive,01/01/2013,52,11,0,39,0,0,-3,F Major,4,7tqG3RAo8h9pHxCJFn7bZb,AUEI11300006,no
300,My Number,Foals,128,11A,74,24/03/2021,04:00,4,indie,Holy Fire,11/02/2013,64,3,0,83,0,40,-8,F#/G♭ Minor,4,4c9WmjVlQMr0s1IjbYO52Z,GBAHT1200723,no
301,I'm with You,GROUPLOVE,140,11A,81,24/03/2021,05:34,41,indie,Spreading Rumours (Deluxe),17/09/2013,50,41,22,41,0,40,-8,F#/G♭ Minor,4,3ou5dqrGKx6XHeYWUiaaPM,USAT21301603,no
302,I Know It's You,Guards,162,12B,95,24/03/2021,05:00,0,,In Guards We Trust,05/02/2013,29,18,8,6,10,30,-7,E Major,4,5fXlyeTtG6Q9gnyxPFBk4l,QMYL21200042,no
303,Funky Futurista,Illya Kuryaki & The Valderramas,123,8A,64,24/03/2021,03:54,37,"rock en español, argentine rock, latin rock, latin alternative",Chances,29/10/2012,94,1,0,80,20,20,-4,A Minor,4,6oVNTD3jVSKBg9LcA4JwnR,ARF101200217,no
304,Love Me Again,John Newman,126,7A,89,24/03/2021,03:59,3,,Love Me Again,01/01/2013,50,0,0,24,0,10,-5,D Minor,4,7v6EVHw0iUL8ww77IaoLCZ,GBUM71301538,no
305,Hot,Los Rakas,100,9B,84,24/03/2021,03:23,34,,El Negrito Dun Dun & Ricardo,01/01/2014,75,1,2,54,10,0,-6,G Major,4,0ii6ubsX8VFm5FrXKuhHGX,USUM71402104,no
306,Você Diz Que O Amor Não Dói,Marcelo D2,180,1B,80,24/03/2021,02:52,51,"brazilian hip hop, samba, brazilian rock",Nada Pode Me Parar,01/01/2013,49,4,0,77,30,50,-7,B Major,4,1KsNJwx1ABD5IiQh4kfOoj,BREMI1200231,no
307,Don't Forget Who You Are,Miles Kane,94,6B,95,24/03/2021,03:24,42,baroque pop,Don't Forget Who You Are,10/04/2013,46,0,0,39,0,0,-2,A#/B♭ Major,4,2uSCx6xNA3WzahPDXh36Eb,GBARL1300367,no
308,Hearts Like Ours,The Naked And Famous,178,11A,67,24/03/2021,04:32,0,,Hearts Like Ours,01/01/2013,37,0,11,15,0,0,-6,F#/G♭ Minor,4,1eBTht68sEPetrGkM5HQiN,GBUM71304340,no
309,Copy of a,Nine Inch Nails,138,4B,83,24/03/2021,05:22,47,"industrial rock, industrial, industrial metal, alternative metal, nu metal",Hesitation Marks (Deluxe Version),03/09/2013,64,2,38,68,0,20,-6,G#/A♭ Major,5,5ECySGXI4N8MCv6jf7HU9n,USQX91301303,no
310,Am Ende,OK KID,130,9B,89,24/03/2021,03:33,43,"german indie, german indie pop, german pop",OK KID,05/04/2013,69,0,0,28,0,0,-7,G Major,4,3Xxy7Mt3QsnjOESgVp2uDO,DEQ321200284,no
311,Mechanical,Oliver,140,6B,75,24/03/2021,03:46,0,"nu disco, french house, indie dance",Mechanical,22/01/2013,57,0,17,58,0,30,-6,A#/B♭ Major,4,5jjhbr89nR9cQWe8iN5WT7,QMSDU1300228,no
312,Magic,Olympic Ayres,117,10B,93,24/03/2021,04:00,0,,Magic,25/06/2013,62,0,0,56,0,30,-6,D Major,4,0Z4DZo4wUFJhUjKjCtuXUf,TCABO1391982,no
313,Purple Yellow Red and Blue,Portugal. The Man,101,9A,86,24/03/2021,04:09,53,,Evil Friends,31/05/2013,60,4,33,43,0,10,-6,E Minor,4,4WMuY659P2MKnoW40oGXe8,USAT21300539,no
314,Here,Robert DeLong,140,9A,95,24/03/2021,04:11,0,,Just Movement,05/02/2013,58,1,0,26,0,60,-4,E Minor,4,1T5W2TZOovdq5YiJGgXQp8,USYAH1200379,no
315,On Our Way,The Royal Concept,131,3B,79,24/03/2021,03:13,55,,Royal,01/01/2013,58,1,0,35,0,10,-6,C♯/D♭ Major,4,3GTXok0dIm0mMqBiVklBYS,USUM71306360,no
316,Dreaming,Smallpools,119,4B,88,24/03/2021,03:36,56,,Smallpools,16/07/2013,62,0,0,88,0,0,-3,G#/A♭ Major,4,3c7vquF4xacCmFrxztLUVH,USRC11300650,no
317,Worship You,Vampire Weekend,149,1B,92,24/03/2021,03:21,0,"indie, baroque pop",Modern Vampires of the City,27/05/2013,47,0,0,30,0,30,-6,B Major,4,5y02IcERVgEUItFLeeZDz6,GBBKS1300009,no
318,Lived A Lie,You Me At Six,133,9B,90,24/03/2021,03:23,0,pop punk,Cavalier Youth,01/01/2014,47,6,0,49,0,20,-4,G Major,4,2gNte5EM7myGVwfCUlbW9p,GB5KW1301125,no
319,The Nights,Avicii,126,2B,84,24/03/2021,02:56,88,edm,The Days / Nights,01/01/2014,53,2,0,65,0,20,-5,F#/G♭ Major,4,0ct6r3EGTcMLPtrXHDvVjc,CH3131340464,no
320,Push (feat. Andrew Wyatt),"A-Trak,Andrew Wyatt",126,9B,87,24/03/2021,03:33,0,"disco house, ",Push,29/10/2014,64,0,0,45,0,0,-3,G Major,4,0ml0C3EBDZyRhUrT3p5cMu,QMSDU1400140,no
321,L.A.F,BROODS,88,8B,79,24/03/2021,02:47,0,,L.A.F,15/07/2014,58,0,0,65,0,0,-5,C Major,3,6efq1RwNvWhVtt3u5ZmfKr,GBUM71403472,no
322,Cocoon,Catfish and the Bottlemen,133,6A,87,24/03/2021,03:56,0,"indie, indie rock",The Balcony,06/01/2015,43,0,0,39,0,0,-5,G Minor,4,2W1NDIRXfBnIxBcnTIxE7p,GB6TW1400027,yes
323,Uh la la,ChocQuibTown,130,3B,87,24/03/2021,03:50,0,"salsa choke, colombian pop, latin alternative",Eso Es Lo Que Hay,02/10/2012,76,1,15,41,0,0,-6,C♯/D♭ Major,4,2PegjCuOVhM1A86ejM0apG,COSO11100558,no
324,Crystal Ball,Death From Above 1979,148,6A,94,24/03/2021,02:51,37,garage rock,The Physical World,09/09/2014,42,0,0,55,0,0,-3,G Minor,4,264py48l3YjixQ3OhlGutW,CAL451355505,no
325,Tunnel Vision (feat. Some Kinda Wonderful),"Dirty South,SomeKindaWonderful",98,9B,79,24/03/2021,04:30,0,"progressive house, edm, ",With You,18/11/2014,55,0,18,5,0,0,-7,G Major,4,1OOz2V04M4LJ3LoUc5nHiF,GBUYR1400100,no
326,All Or Nothing (feat. Diplo & Bunji Garlin),"Elliphant,Diplo,Bunji Garlin",80,4B,73,24/03/2021,02:54,44,"moombahton, soca, dancehall, calypso",Look Like You Love It,01/04/2014,58,2,0,56,20,0,-6,G#/A♭ Major,4,4t80TQHYdtzwnUGBQC4yL1,USQX91302850,yes
327,Purple Light (feat. Doja Cat),"Elliphant,Doja Cat",128,10B,81,24/03/2021,03:34,44,,One More,13/10/2014,67,6,0,37,0,40,-3,D Major,4,14h0f2KM4nJRHCqLwoOx3M,USQX91401805,yes
328,Levanta e Anda,Emicida,90,11B,94,24/03/2021,02:30,0,"brazilian hip hop, new mpb",O Glorioso Retorno de Quem Nunca Esteve Aqui,26/01/2014,61,8,0,77,30,40,-4,A Major,4,7d8sqXhIwIJltlGHL47ASh,BRX6F1300030,no
329,Come Alive (Shining),FMLYBND,115,11A,86,24/03/2021,03:23,48,,Back to Life EP,07/10/2014,53,0,0,41,0,0,-5,F#/G♭ Minor,4,1do3E46FxwDoP5wqNlECjZ,TCABZ1469700,no
330,Are You What You Want to Be?,Foster The People,126,11A,82,24/03/2021,04:30,57,,Supermodel,14/03/2014,60,1,0,60,0,50,-5,F#/G♭ Minor,4,3CVPyuuD6HxWXgPbbGqbg6,USSM11305806,no
331,16 Years,The Griswolds,170,8B,84,24/03/2021,03:45,0,,Be Impressive,25/08/2014,55,1,0,93,0,10,-4,C Major,4,3GncyQAqKMwlSVhyM31Lsu,USWU31400038,no
332,Tongues,"Joywave,KOPPS",118,11A,69,24/03/2021,03:51,41,,How Do You Feel?,11/03/2014,83,0,4,94,0,10,-7,F#/G♭ Minor,4,313z5XYoZ7cOvTcwLrAApD,USHR11435378,no
333,Busy Earnin',Jungle,100,3A,88,24/03/2021,03:01,2,,Jungle,15/07/2014,46,21,0,74,0,0,-6,A#/B♭ Minor,4,07tOsOR7E9zW89v2FqzsdG,GBBKS1400112,no
334,stevie,Kasabian,132,9B,86,24/03/2021,04:44,35,"britpop, indie, indie rock",48:13:00,07/10/2014,55,3,0,41,0,0,-5,G Major,4,6EnBcUZMs1CZz3gkLLHAjg,GBARL1400509,no
335,Cumbia del Corazon,KINSKI GALLO,94,7A,95,24/03/2021,03:20,0,,Venado,04/11/2014,68,6,0,95,0,10,-2,D Minor,4,2MMlzHRFdESjHIrNsLGHeY,USA2P1475805,no
336,Around Town,The Kooks,107,8A,93,24/03/2021,04:10,53,"indie, indie rock",Listen,01/01/2014,58,2,0,51,0,30,-3,A Minor,4,36pHJ5lqNQTLLzGTy8G7xV,GBUM71401785,no
337,Walk,Kwabs,144,8A,81,24/03/2021,03:34,58,,Walk,26/09/2014,62,17,0,58,0,20,-4,A Minor,4,2ZvsMMI4aOkMUo92MKQzFI,GBAHS1400252,no
338,Palm Trees,Lowell,130,5A,63,24/03/2021,04:29,0,queercore,We Loved Her Dearly,16/09/2014,54,44,7,28,0,10,-7,C Minor,4,7JEzvkKvp7McI192wWnd8L,CAAA11312804,no
339,Imperium,Madeon,110,3B,95,24/03/2021,03:19,39,"edm, french house, electropop",Imperium,02/11/2014,64,0,4,50,0,20,-2,C♯/D♭ Major,4,2Ldx9kUwqKt8GKaqPYGT6e,GBARL1401171,no
340,Tonight,Magic Man,164,8B,92,24/03/2021,03:37,42,,Before the Waves,08/07/2014,51,21,0,30,0,0,-6,C Major,4,4mxX3vLu6bfhwKn3vnG53Q,USSM11402811,no
341,Down By The River,Milky Chance,114,11B,68,24/03/2021,03:58,0,,Stolen Dance,01/05/2014,66,73,0,45,0,10,-8,A Major,4,7l8SsHb1SX5edK0cyFFR9u,USUG11400456,no
342,The Valleys,The Mountains,140,12B,71,24/03/2021,03:39,47,,"The Mountains, The Valleys, The Lakes",24/01/2014,65,60,1,86,0,50,-7,E Major,4,3sG4x1x5BQFmcluWZTWVyB,DKABA1300235,no
343,Agiborê (Fatboy Slim Presents MPB4),"MPB4,DJ Marky",125,10A,91,24/03/2021,05:01,35,"mpb, bossa nova, samba, liquid funk, drum and bass, jungle",Fatboy Slim Presents Bem Brasil,01/01/2014,77,0,75,77,0,0,-8,B Minor,4,0TDZKYDx1ycc9VzGCQ5315,GBUM71401751,no
344,When the Day Comes,Nico & Vinz,120,7B,65,24/03/2021,03:47,56,,Black Star Elephant,2014-00-00,71,29,0,32,0,0,-6,F Major,4,0P2HAFu7RnkfPnkimNi7I5,USWB11402104,no
345,Everlasting,Polock,112,10B,83,24/03/2021,03:05,0,,Rising Up,06/05/2014,65,0,0,66,0,10,-6,D Major,4,49wwSGFhdbU0dbVUviNbQ3,ES7001318001,no
346,Out Of The Blue,Prides,88,7B,79,24/03/2021,03:41,0,,Out Of The Blue,20/10/2014,51,0,9,56,0,30,-6,F Major,4,7r60fwTPFDKZyXBxuepF7J,GBUM71400600,no
347,My Type,Saint Motel,118,6B,90,24/03/2021,03:24,73,,My Type EP,16/08/2014,60,6,0,57,0,0,-3,A#/B♭ Major,4,2Iq6HhIquO7JKr0KfTNLzU,GBAYE1400856,no
348,Wild Heart,Saint Raymond,110,1B,88,24/03/2021,04:23,39,,Fall At Your Feet,28/11/2014,71,2,0,73,0,0,-8,B Major,4,0uHmmiqR9To6YPraSrxSM7,GBAHS1400371,no
349,Brasil,Sante Les Amis,135,8B,82,24/03/2021,03:44,0,latin alternative,Sudamericana,27/05/2014,63,0,1,56,0,0,-4,C Major,4,1EymydSgZSlLuVQcdiNohO,UYB141200803,no
350,Sunrise,Slaptop,126,6A,71,24/03/2021,03:34,0,,Sunrise,17/06/2014,84,2,0,74,0,10,-6,G Minor,4,0n0p8VGjFfQSXnCKUMPCWU,USLGZ1400015,no
351,Sunshine,Teddybears,116,6A,94,24/03/2021,03:19,31,,Sunshine,03/06/2014,46,8,0,64,40,0,-3,G Minor,4,0OXvO7h8MkGueA4ad1LvKm,USAT21401515,no
352,Pressure,"Tensnake,THABO",122,4A,73,24/03/2021,02:54,44,"nu disco, deep house, disco house, ",Glow,01/01/2014,83,1,16,78,0,10,-5,F Minor,4,4Iaj6S75mnpxIM3mUlto8F,GBUM71400004,no
353,Super Critical,The Ting Tings,108,8A,76,24/03/2021,03:32,0,alternative dance,Super Critical,27/10/2014,80,0,1,56,10,10,-7,A Minor,4,0NycRaKzdYqCJkYiCw8rVz,USC9N1400008,no
354,Water Fountain,Tune-Yards,110,3B,69,24/03/2021,03:03,0,art pop,Nikki Nack,06/05/2014,83,0,0,59,0,30,-6,C♯/D♭ Major,4,0SRgVYcDYttX5Huc5FGB2M,GBAFL1400016,yes
355,Mess Is Mine,Vance Joy,108,9B,72,24/03/2021,03:43,63,folk pop,Dream Your Life Away,08/09/2014,60,5,3,27,0,10,-8,G Major,1,7BVwi9cIzSc6tpyxsp47vJ,USAT21402865,no
356,Move with You,Jacob Banks,95,3A,75,24/03/2021,03:09,34,,Move With You,04/08/2014,57,0,0,43,0,20,-6,A#/B♭ Minor,4,4VbvGwV24TbFIULF176HXF,GBAHS1400165,no
357,Darkest Ocean - Radio Edit,All Tvvins,124,10B,85,24/03/2021,03:42,39,,Darkest Ocean (Radio Edit),11/09/2015,61,0,0,27,0,30,-4,D Major,4,5hnhk7tBjjZtU3XIUTh4yh,GBAHT1500516,no
358,A Little Bit Of Fear,April Towers,120,6B,84,24/03/2021,03:48,0,,A Little Bit Of Fear,15/07/2015,67,0,0,66,0,10,-8,A#/B♭ Major,4,0Up7M5y6e7K8AeJyaYtVAt,GB9TP1500294,no
359,Stockholm,Atlas Genius,125,9B,75,24/03/2021,03:11,36,,Stockholm,17/07/2015,57,1,0,41,0,10,-5,G Major,4,3EB5N4DHgM7Ktk8yy1EgYY,USWB11506890,no
360,Conqueror,AURORA,184,9B,55,24/03/2021,03:27,0,"norwegian pop, art pop",Conqueror,15/01/2016,47,1,0,52,0,10,-7,G Major,4,5yqJhxkeQoyGrBjVWhXlqN,GBUM71506322,no
361,Playsom,"BaianaSystem,Marcio Victor",128,8A,82,24/03/2021,03:58,0,"new mpb, brazilian pop, axé, pagode baiano, forró",Duas Cidades,29/03/2016,91,12,0,96,0,10,-6,A Minor,4,5VjyvjotqBBwknYvYKGayj,US7VG1624318,no
362,Sister Of Pearl,Baio,125,7B,68,24/03/2021,04:13,0,,Sister Of Pearl,16/06/2015,74,8,15,94,0,20,-7,F Major,4,1iF2TYT5ScZ2BStvrrxyrE,USYAH1500070,no
363,Shine A Light,BANNERS,195,8B,80,24/03/2021,03:45,61,,Shine A Light,18/09/2015,32,4,0,10,0,10,-4,C Major,4,1fDtoTPDyzkNOfFIRXxsC5,USUM71509232,no
364,Dreams,Beck,114,12A,96,24/03/2021,05:14,0,anti-folk,Dreams,15/06/2015,59,0,5,75,0,10,-4,C♯/D♭ Minor,4,4mqVUkv3epcKid8O9tlgtl,US3841500096,yes
365,Soy Yo,Bomba Estéreo,117,10A,58,24/03/2021,02:39,64,"latin alternative, electrocumbia",Amanecer,02/06/2015,89,4,0,79,10,0,-8,B Minor,4,4Egb5xP6cniUx0kgZd5zLB,USSD11500075,no
366,Fool,BØRNS,125,10A,81,24/03/2021,03:38,0,,Fool,18/09/2015,68,0,2,87,0,0,-5,B Minor,4,3l5SjqZg5xlGFVGjPQr85o,USUM71510961,no
367,Tonight,Coasts,190,11B,88,24/03/2021,04:07,0,,Tonight,04/09/2015,29,1,0,50,0,30,-3,A Major,3,42bvMA2K3eeU840lMpierv,GBAHT1500360,no
368,Omen - Radio Edit,"Disclosure,Sam Smith",106,4B,79,24/03/2021,03:16,63,"house, soft pop",Omen (Radio Edit),27/07/2015,67,12,0,62,10,30,-5,G#/A♭ Major,4,78EQ5LZGgviMU9k0zrqv1r,GBUM71504534,no
369,Slow Burn (feat. Chuck Ellis),"Durante,Chuck Ellis",118,10A,85,24/03/2021,05:29,40,"melodic house, progressive house, deep house, ",Slow Burn,15/09/2014,75,0,7,61,0,40,-6,B Minor,4,3Nx6ascmxa65nVyXeun7Ya,QMLD61404000,no
370,Mountain at My Gates,Foals,104,7A,93,24/03/2021,04:04,39,indie,Mountain at My Gates,21/07/2015,50,0,8,62,0,20,-5,D Minor,4,2n3JZ0r4oIQaDQDW4yjVpq,GBAHT1500380,no
371,New Rush,Gin Wigmore,133,8B,94,24/03/2021,03:49,0,,New Rush,20/04/2015,73,3,9,48,0,10,-5,C Major,4,1qFi8W5Z0i7HZ2JgyQXXWw,AUUM71500267,no
372,Emergency,Icona Pop,126,2B,97,24/03/2021,02:49,58,,Emergency EP,17/07/2015,83,6,0,93,0,0,-3,F#/G♭ Major,4,6E7oFW7xTK6Ghucsq6tMUj,USAT21501475,yes
373,Yeah Yeah Yeah - Radio Edit,Jax Jones,122,3B,70,24/03/2021,03:39,42,,Yeah Yeah Yeah,24/07/2015,69,11,10,71,0,10,-5,C♯/D♭ Major,4,6reg46TnVrrHBEpV4H9yZN,GBUM71503714,no
374,Tiring Game,"John Newman,Charlie Wilson",128,3A,89,24/03/2021,03:23,53,sexy drill,Revolve,16/10/2015,67,0,0,40,0,10,-5,A#/B♭ Minor,4,7eeg1G22Q386Zigie8qrpN,GBUM71503023,no
375,Way down We Go,KALEO,82,3A,58,24/03/2021,03:39,64,,Way down We Go,07/08/2015,59,61,0,26,0,0,-6,A#/B♭ Minor,4,7aUuoq4oMfLxaLa5GVUDHi,USAT21502122,no
376,ID - Ultra Music Festival Anthem,Kygo,105,6B,68,24/03/2021,04:49,54,tropical house,ID (Ultra Music Festival Anthem),10/02/2015,69,62,72,34,0,10,-8,A#/B♭ Major,4,4SBqydJCEhcroni09XgT2c,SEBGA1500033,no
377,It's Strange (feat. K.Flay),"Louis The Child,K.Flay",86,8B,49,24/03/2021,04:05,0,,It's Strange (feat. K.Flay),09/09/2015,84,37,4,42,30,10,-8,C Major,4,0fXTcou0FQxSGksz3phLfT,TCACI1515173,no
378,All It Ever Was,Miami Horror,104,5A,74,24/03/2021,05:42,0,"nu disco, indie dance, electroclash",All Possible Futures,07/04/2015,18,15,0,8,0,30,-5,C Minor,4,66dEshsPJwNDZO9RLjuJOk,CADE70902655,no
379,Let Me Know,No Wyld,120,9B,89,24/03/2021,04:11,5,,Let Me Know,27/07/2015,58,11,0,12,10,10,-4,G Major,4,1qxfdtshzyOo9JwdPbvMYL,USSM11504788,no
380,Trip Switch,Nothing But Thieves,88,3A,83,24/03/2021,03:00,2,,Trip Switch,18/06/2015,65,2,1,70,0,0,-4,A#/B♭ Minor,4,6W1zoZPSyT56jDuGmM6b5P,GBARL1500590,no
381,Crystals,Of Monsters and Men,132,8B,77,24/03/2021,04:03,0,folk pop,Crystals,16/03/2015,58,0,0,31,0,10,-7,C Major,4,59yvXUFVjsaZQsDs09T7eA,USUG11500395,no
382,Feeling Electric,Parade of Lights,97,8B,83,24/03/2021,03:41,50,,Feeling Electric,02/06/2015,45,0,0,64,0,10,-5,C Major,4,2wHJj7r73uyiMjayyaoJGk,USUM71500998,no
383,Back of the Car,"RAC,Nate Henricks",132,9B,83,24/03/2021,04:12,0,,Back of the Car,09/06/2015,60,6,0,22,0,10,-7,G Major,4,15X35tF6ZanQFygFEz87ky,GBKPL1560373,no
384,Crystal Express,Raury,120,11B,94,24/03/2021,03:57,48,,All We Need,16/10/2015,76,12,0,74,0,10,-6,A Major,4,58l702tcyPKuXe9br3Grdl,USSM11506384,no
385,Pretend,Seinabo Sey,100,8B,84,24/03/2021,03:29,0,tropical house,Pretend,17/07/2015,71,26,0,28,0,30,-5,C Major,4,4PB6ScVs2c0k9EGpSd7k07,SEUM71500419,no
386,Cannonball,"Skylar Grey,X Ambassadors",103,11B,80,24/03/2021,03:55,43,,Cannonball,25/09/2015,58,5,0,40,0,40,-7,A Major,4,1Ez4p27fWkO7j9F1o5aHOD,USUM71510886,no
387,Walls,Slaptop,124,10A,62,24/03/2021,03:58,0,,Walls,10/09/2015,83,6,0,62,0,20,-5,B Minor,4,6iaszgkGRQPWtnqwtw01V2,USLGZ1500090,no
388,Lay it Right,Speelburg,116,11A,70,24/03/2021,03:26,37,,Lay it Right,06/05/2015,74,7,0,45,20,10,-8,F#/G♭ Minor,4,61bVwTPWKU7GVXCjNkt19F,GBARL1500420,no
389,One Great Song and I Could Change the World,Swim Deep,99,6B,85,24/03/2021,03:57,35,,One Great Song and I Could Change the World,30/04/2015,51,1,0,69,0,20,-6,A#/B♭ Major,4,6tkqqX7J4qgWD71Ts6BLaR,GBARL1500257,no
390,Smile,The Royal Concept,200,9B,64,24/03/2021,03:17,47,,Smile,21/08/2015,39,1,0,46,0,10,-7,G Major,4,2wKNBWS1mK1BhepVnuylz2,USUM71511167,no
391,Makes a King (feat. Jutty Taylor),"The Very Best,Jutty Taylor",125,4B,81,24/03/2021,04:33,0,"afropop, ",Makes a King,07/04/2015,65,2,0,43,0,0,-9,G#/A♭ Major,4,28jyYp6ctBJkXOwG3bweaT,GBGEY1400193,no
392,Run (feat. Lady Leshurr),"Tiggs Da Author,Lady Leshurr",166,9B,69,24/03/2021,02:49,30,"grime, uk grime",Run (feat. Lady Leshurr),12/01/2016,57,1,0,65,10,0,-4,G Major,4,0JEpFIQUIaDuBJk1SA8a96,GBARL1501864,no
393,Can’t Keep Checking My Phone,Unknown Mortal Orchestra,115,3B,96,24/03/2021,04:16,0,neo-psychedelic,Multi-Love,26/05/2015,71,5,0,88,0,20,-3,C♯/D♭ Major,4,0x38UMMhYacciPRK7ETk1M,US38Y1526204,no
394,Movin' Up,X-Wife,123,9A,62,24/03/2021,03:41,0,,Movin' Up,21/05/2015,67,1,3,76,0,0,-7,E Minor,4,43n5a7NSGpkPeWnuxLzypd,PTQO11500012,no
395,Gold,Olly Alexander (Years & Years),128,3A,73,24/03/2021,03:59,0,,Communion,10/07/2015,55,12,0,34,0,10,-7,A#/B♭ Minor,4,2Qq8sISCzmqnDamNNBnSh1,GBUM71501273,no
396,I Trusted U,Balkan Beat Box,102,9B,68,24/03/2021,03:43,24,,I Trusted U,25/02/2016,78,1,0,78,20,0,-5,G Major,4,6PpVWEDjZMR3X8Y1dKX3zG,QMZZY1600002,no
397,Send Them Off!,Bastille,100,3A,81,24/03/2021,03:20,1,,Send Them Off!,31/08/2016,61,13,0,45,0,20,-3,A#/B♭ Minor,4,5AAU5Ov1CEesKwWS2uzQji,GBUM71603418,no
398,Appeals,Bayonne,159,4B,88,24/03/2021,04:00,0,,Appeals,15/01/2016,53,15,6,68,0,30,-7,G#/A♭ Major,3,4k7kvFPV6BPuSU4x63RqRh,USQE91500179,no
399,Slide To The Side,Beaty Heart,97,3A,58,24/03/2021,03:46,37,,Till The Tomb,29/07/2016,72,1,4,49,0,10,-6,A#/B♭ Minor,4,0TKAzB68InoNAwdz4LbR3t,GBEK71400170,no
400,Up All Night,Beck,110,12A,94,24/03/2021,03:10,0,anti-folk,Up All Night,06/09/2017,65,1,8,69,0,20,-3,C♯/D♭ Minor,4,6Z884oSfliz0mKqTJTXrwb,US3841600117,no
401,I'm with You,GROUPLOVE,140,11A,81,24/03/2021,05:34,41,indie,Spreading Rumours (Deluxe),17/09/2013,50,41,22,41,0,40,-8,F#/G♭ Minor,4,3ou5dqrGKx6XHeYWUiaaPM,USAT21301603,no
402,I Know It's You,Guards,162,12B,95,24/03/2021,05:00,0,,In Guards We Trust,05/02/2013,29,18,8,6,10,30,-7,E Major,4,5fXlyeTtG6Q9gnyxPFBk4l,QMYL21200042,no
403,Funky Futurista,Illya Kuryaki & The Valderramas,123,8A,64,24/03/2021,03:54,37,"rock en español, argentine rock, latin rock, latin alternative",Chances,29/10/2012,94,1,0,80,20,20,-4,A Minor,4,6oVNTD3jVSKBg9LcA4JwnR,ARF101200217,no
404,Love Me Again,John Newman,126,7A,89,24/03/2021,03:59,3,,Love Me Again,01/01/2013,50,0,0,24,0,10,-5,D Minor,4,7v6EVHw0iUL8ww77IaoLCZ,GBUM71301538,no
405,Hot,Los Rakas,100,9B,84,24/03/2021,03:23,34,,El Negrito Dun Dun & Ricardo,01/01/2014,75,1,2,54,10,0,-6,G Major,4,0ii6ubsX8VFm5FrXKuhHGX,USUM71402104,no
406,Você Diz Que O Amor Não Dói,Marcelo D2,180,1B,80,24/03/2021,02:52,51,"brazilian hip hop, samba, brazilian rock",Nada Pode Me Parar,01/01/2013,49,4,0,77,30,50,-7,B Major,4,1KsNJwx1ABD5IiQh4kfOoj,BREMI1200231,no
407,Don't Forget Who You Are,Miles Kane,94,6B,95,24/03/2021,03:24,42,baroque pop,Don't Forget Who You Are,10/04/2013,46,0,0,39,0,0,-2,A#/B♭ Major,4,2uSCx6xNA3WzahPDXh36Eb,GBARL1300367,no
408,Hearts Like Ours,The Naked And Famous,178,11A,67,24/03/2021,04:32,0,,Hearts Like Ours,01/01/2013,37,0,11,15,0,0,-6,F#/G♭ Minor,4,1eBTht68sEPetrGkM5HQiN,GBUM71304340,no
409,Copy of a,Nine Inch Nails,138,4B,83,24/03/2021,05:22,47,"industrial rock, industrial, industrial metal, alternative metal, nu metal",Hesitation Marks (Deluxe Version),03/09/2013,64,2,38,68,0,20,-6,G#/A♭ Major,5,5ECySGXI4N8MCv6jf7HU9n,USQX91301303,no
410,Am Ende,OK KID,130,9B,89,24/03/2021,03:33,43,"german indie, german indie pop, german pop",OK KID,05/04/2013,69,0,0,28,0,0,-7,G Major,4,3Xxy7Mt3QsnjOESgVp2uDO,DEQ321200284,no
411,Mechanical,Oliver,140,6B,75,24/03/2021,03:46,0,"nu disco, french house, indie dance",Mechanical,22/01/2013,57,0,17,58,0,30,-6,A#/B♭ Major,4,5jjhbr89nR9cQWe8iN5WT7,QMSDU1300228,no
412,Magic,Olympic Ayres,117,10B,93,24/03/2021,04:00,0,,Magic,25/06/2013,62,0,0,56,0,30,-6,D Major,4,0Z4DZo4wUFJhUjKjCtuXUf,TCABO1391982,no
413,Purple Yellow Red and Blue,Portugal. The Man,101,9A,86,24/03/2021,04:09,53,,Evil Friends,31/05/2013,60,4,33,43,0,10,-6,E Minor,4,4WMuY659P2MKnoW40oGXe8,USAT21300539,no
414,Here,Robert DeLong,140,9A,95,24/03/2021,04:11,0,,Just Movement,05/02/2013,58,1,0,26,0,60,-4,E Minor,4,1T5W2TZOovdq5YiJGgXQp8,USYAH1200379,no
415,On Our Way,The Royal Concept,131,3B,79,24/03/2021,03:13,55,,Royal,01/01/2013,58,1,0,35,0,10,-6,C♯/D♭ Major,4,3GTXok0dIm0mMqBiVklBYS,USUM71306360,no
416,Dreaming,Smallpools,119,4B,88,24/03/2021,03:36,56,,Smallpools,16/07/2013,62,0,0,88,0,0,-3,G#/A♭ Major,4,3c7vquF4xacCmFrxztLUVH,USRC11300650,no
417,Worship You,Vampire Weekend,149,1B,92,24/03/2021,03:21,0,"indie, baroque pop",Modern Vampires of the City,27/05/2013,47,0,0,30,0,30,-6,B Major,4,5y02IcERVgEUItFLeeZDz6,GBBKS1300009,no
418,Lived A Lie,You Me At Six,133,9B,90,24/03/2021,03:23,0,pop punk,Cavalier Youth,01/01/2014,47,6,0,49,0,20,-4,G Major,4,2gNte5EM7myGVwfCUlbW9p,GB5KW1301125,no
419,The Nights,Avicii,126,2B,84,24/03/2021,02:56,88,edm,The Days / Nights,01/01/2014,53,2,0,65,0,20,-5,F#/G♭ Major,4,0ct6r3EGTcMLPtrXHDvVjc,CH3131340464,no
420,Push (feat. Andrew Wyatt),"A-Trak,Andrew Wyatt",126,9B,87,24/03/2021,03:33,0,"disco house, ",Push,29/10/2014,64,0,0,45,0,0,-3,G Major,4,0ml0C3EBDZyRhUrT3p5cMu,QMSDU1400140,no
421,L.A.F,BROODS,88,8B,79,24/03/2021,02:47,0,,L.A.F,15/07/2014,58,0,0,65,0,0,-5,C Major,3,6efq1RwNvWhVtt3u5ZmfKr,GBUM71403472,no
422,Cocoon,Catfish and the Bottlemen,133,6A,87,24/03/2021,03:56,0,"indie, indie rock",The Balcony,06/01/2015,43,0,0,39,0,0,-5,G Minor,4,2W1NDIRXfBnIxBcnTIxE7p,GB6TW1400027,yes
423,Uh la la,ChocQuibTown,130,3B,87,24/03/2021,03:50,0,"salsa choke, colombian pop, latin alternative",Eso Es Lo Que Hay,02/10/2012,76,1,15,41,0,0,-6,C♯/D♭ Major,4,2PegjCuOVhM1A86ejM0apG,COSO11100558,no
424,Crystal Ball,Death From Above 1979,148,6A,94,24/03/2021,02:51,37,garage rock,The Physical World,09/09/2014,42,0,0,55,0,0,-3,G Minor,4,264py48l3YjixQ3OhlGutW,CAL451355505,no
425,Tunnel Vision (feat. Some Kinda Wonderful),"Dirty South,SomeKindaWonderful",98,9B,79,24/03/2021,04:30,0,"progressive house, edm, ",With You,18/11/2014,55,0,18,5,0,0,-7,G Major,4,1OOz2V04M4LJ3LoUc5nHiF,GBUYR1400100,no
426,All Or Nothing (feat. Diplo & Bunji Garlin),"Elliphant,Diplo,Bunji Garlin",80,4B,73,24/03/2021,02:54,44,"moombahton, soca, dancehall, calypso",Look Like You Love It,01/04/2014,58,2,0,56,20,0,-6,G#/A♭ Major,4,4t80TQHYdtzwnUGBQC4yL1,USQX91302850,yes
427,Purple Light (feat. Doja Cat),"Elliphant,Doja Cat",128,10B,81,24/03/2021,03:34,44,,One More,13/10/2014,67,6,0,37,0,40,-3,D Major,4,14h0f2KM4nJRHCqLwoOx3M,USQX91401805,yes
428,Levanta e Anda,Emicida,90,11B,94,24/03/2021,02:30,0,"brazilian hip hop, new mpb",O Glorioso Retorno de Quem Nunca Esteve Aqui,26/01/2014,61,8,0,77,30,40,-4,A Major,4,7d8sqXhIwIJltlGHL47ASh,BRX6F1300030,no
429,Come Alive (Shining),FMLYBND,115,11A,86,24/03/2021,03:23,48,,Back to Life EP,07/10/2014,53,0,0,41,0,0,-5,F#/G♭ Minor,4,1do3E46FxwDoP5wqNlECjZ,TCABZ1469700,no
430,Are You What You Want to Be?,Foster The People,126,11A,82,24/03/2021,04:30,57,,Supermodel,14/03/2014,60,1,0,60,0,50,-5,F#/G♭ Minor,4,3CVPyuuD6HxWXgPbbGqbg6,USSM11305806,no
431,16 Years,The Griswolds,170,8B,84,24/03/2021,03:45,0,,Be Impressive,25/08/2014,55,1,0,93,0,10,-4,C Major,4,3GncyQAqKMwlSVhyM31Lsu,USWU31400038,no
432,Tongues,"Joywave,KOPPS",118,11A,69,24/03/2021,03:51,41,,How Do You Feel?,11/03/2014,83,0,4,94,0,10,-7,F#/G♭ Minor,4,313z5XYoZ7cOvTcwLrAApD,USHR11435378,no
433,Busy Earnin',Jungle,100,3A,88,24/03/2021,03:01,2,,Jungle,15/07/2014,46,21,0,74,0,0,-6,A#/B♭ Minor,4,07tOsOR7E9zW89v2FqzsdG,GBBKS1400112,no
434,stevie,Kasabian,132,9B,86,24/03/2021,04:44,35,"britpop, indie, indie rock",48:13:00,07/10/2014,55,3,0,41,0,0,-5,G Major,4,6EnBcUZMs1CZz3gkLLHAjg,GBARL1400509,no
435,Cumbia del Corazon,KINSKI GALLO,94,7A,95,24/03/2021,03:20,0,,Venado,04/11/2014,68,6,0,95,0,10,-2,D Minor,4,2MMlzHRFdESjHIrNsLGHeY,USA2P1475805,no
436,Around Town,The Kooks,107,8A,93,24/03/2021,04:10,53,"indie, indie rock",Listen,01/01/2014,58,2,0,51,0,30,-3,A Minor,4,36pHJ5lqNQTLLzGTy8G7xV,GBUM71401785,no
437,Walk,Kwabs,144,8A,81,24/03/2021,03:34,58,,Walk,26/09/2014,62,17,0,58,0,20,-4,A Minor,4,2ZvsMMI4aOkMUo92MKQzFI,GBAHS1400252,no
438,Palm Trees,Lowell,130,5A,63,24/03/2021,04:29,0,queercore,We Loved Her Dearly,16/09/2014,54,44,7,28,0,10,-7,C Minor,4,7JEzvkKvp7McI192wWnd8L,CAAA11312804,no
439,Imperium,Madeon,110,3B,95,24/03/2021,03:19,39,"edm, french house, electropop",Imperium,02/11/2014,64,0,4,50,0,20,-2,C♯/D♭ Major,4,2Ldx9kUwqKt8GKaqPYGT6e,GBARL1401171,no
440,Tonight,Magic Man,164,8B,92,24/03/2021,03:37,42,,Before the Waves,08/07/2014,51,21,0,30,0,0,-6,C Major,4,4mxX3vLu6bfhwKn3vnG53Q,USSM11402811,no
441,Down By The River,Milky Chance,114,11B,68,24/03/2021,03:58,0,,Stolen Dance,01/05/2014,66,73,0,45,0,10,-8,A Major,4,7l8SsHb1SX5edK0cyFFR9u,USUG11400456,no
442,The Valleys,The Mountains,140,12B,71,24/03/2021,03:39,47,,"The Mountains, The Valleys, The Lakes",24/01/2014,65,60,1,86,0,50,-7,E Major,4,3sG4x1x5BQFmcluWZTWVyB,DKABA1300235,no
443,Agiborê (Fatboy Slim Presents MPB4),"MPB4,DJ Marky",125,10A,91,24/03/2021,05:01,35,"mpb, bossa nova, samba, liquid funk, drum and bass, jungle",Fatboy Slim Presents Bem Brasil,01/01/2014,77,0,75,77,0,0,-8,B Minor,4,0TDZKYDx1ycc9VzGCQ5315,GBUM71401751,no
444,When the Day Comes,Nico & Vinz,120,7B,65,24/03/2021,03:47,56,,Black Star Elephant,2014-00-00,71,29,0,32,0,0,-6,F Major,4,0P2HAFu7RnkfPnkimNi7I5,USWB11402104,no
445,Everlasting,Polock,112,10B,83,24/03/2021,03:05,0,,Rising Up,06/05/2014,65,0,0,66,0,10,-6,D Major,4,49wwSGFhdbU0dbVUviNbQ3,ES7001318001,no
446,Out Of The Blue,Prides,88,7B,79,24/03/2021,03:41,0,,Out Of The Blue,20/10/2014,51,0,9,56,0,30,-6,F Major,4,7r60fwTPFDKZyXBxuepF7J,GBUM71400600,no
447,My Type,Saint Motel,118,6B,90,24/03/2021,03:24,73,,My Type EP,16/08/2014,60,6,0,57,0,0,-3,A#/B♭ Major,4,2Iq6HhIquO7JKr0KfTNLzU,GBAYE1400856,no
448,Wild Heart,Saint Raymond,110,1B,88,24/03/2021,04:23,39,,Fall At Your Feet,28/11/2014,71,2,0,73,0,0,-8,B Major,4,0uHmmiqR9To6YPraSrxSM7,GBAHS1400371,no
449,Brasil,Sante Les Amis,135,8B,82,24/03/2021,03:44,0,latin alternative,Sudamericana,27/05/2014,63,0,1,56,0,0,-4,C Major,4,1EymydSgZSlLuVQcdiNohO,UYB141200803,no
450,Sunrise,Slaptop,126,6A,71,24/03/2021,03:34,0,,Sunrise,17/06/2014,84,2,0,74,0,10,-6,G Minor,4,0n0p8VGjFfQSXnCKUMPCWU,USLGZ1400015,no
451,Sunshine,Teddybears,116,6A,94,24/03/2021,03:19,31,,Sunshine,03/06/2014,46,8,0,64,40,0,-3,G Minor,4,0OXvO7h8MkGueA4ad1LvKm,USAT21401515,no
452,Pressure,"Tensnake,THABO",122,4A,73,24/03/2021,02:54,44,"nu disco, deep house, disco house, ",Glow,01/01/2014,83,1,16,78,0,10,-5,F Minor,4,4Iaj6S75mnpxIM3mUlto8F,GBUM71400004,no
453,Super Critical,The Ting Tings,108,8A,76,24/03/2021,03:32,0,alternative dance,Super Critical,27/10/2014,80,0,1,56,10,10,-7,A Minor,4,0NycRaKzdYqCJkYiCw8rVz,USC9N1400008,no
454,Water Fountain,Tune-Yards,110,3B,69,24/03/2021,03:03,0,art pop,Nikki Nack,06/05/2014,83,0,0,59,0,30,-6,C♯/D♭ Major,4,0SRgVYcDYttX5Huc5FGB2M,GBAFL1400016,yes
455,Mess Is Mine,Vance Joy,108,9B,72,24/03/2021,03:43,63,folk pop,Dream Your Life Away,08/09/2014,60,5,3,27,0,10,-8,G Major,1,7BVwi9cIzSc6tpyxsp47vJ,USAT21402865,no
456,Move with You,Jacob Banks,95,3A,75,24/03/2021,03:09,34,,Move With You,04/08/2014,57,0,0,43,0,20,-6,A#/B♭ Minor,4,4VbvGwV24TbFIULF176HXF,GBAHS1400165,no
457,Darkest Ocean - Radio Edit,All Tvvins,124,10B,85,24/03/2021,03:42,39,,Darkest Ocean (Radio Edit),11/09/2015,61,0,0,27,0,30,-4,D Major,4,5hnhk7tBjjZtU3XIUTh4yh,GBAHT1500516,no
458,A Little Bit Of Fear,April Towers,120,6B,84,24/03/2021,03:48,0,,A Little Bit Of Fear,15/07/2015,67,0,0,66,0,10,-8,A#/B♭ Major,4,0Up7M5y6e7K8AeJyaYtVAt,GB9TP1500294,no
459,Stockholm,Atlas Genius,125,9B,75,24/03/2021,03:11,36,,Stockholm,17/07/2015,57,1,0,41,0,10,-5,G Major,4,3EB5N4DHgM7Ktk8yy1EgYY,USWB11506890,no
460,Conqueror,AURORA,184,9B,55,24/03/2021,03:27,0,"norwegian pop, art pop",Conqueror,15/01/2016,47,1,0,52,0,10,-7,G Major,4,5yqJhxkeQoyGrBjVWhXlqN,GBUM71506322,no
461,Playsom,"BaianaSystem,Marcio Victor",128,8A,82,24/03/2021,03:58,0,"new mpb, brazilian pop, axé, pagode baiano, forró",Duas Cidades,29/03/2016,91,12,0,96,0,10,-6,A Minor,4,5VjyvjotqBBwknYvYKGayj,US7VG1624318,no
462,Sister Of Pearl,Baio,125,7B,68,24/03/2021,04:13,0,,Sister Of Pearl,16/06/2015,74,8,15,94,0,20,-7,F Major,4,1iF2TYT5ScZ2BStvrrxyrE,USYAH1500070,no
463,Shine A Light,BANNERS,195,8B,80,24/03/2021,03:45,61,,Shine A Light,18/09/2015,32,4,0,10,0,10,-4,C Major,4,1fDtoTPDyzkNOfFIRXxsC5,USUM71509232,no
464,Dreams,Beck,114,12A,96,24/03/2021,05:14,0,anti-folk,Dreams,15/06/2015,59,0,5,75,0,10,-4,C♯/D♭ Minor,4,4mqVUkv3epcKid8O9tlgtl,US3841500096,yes
465,Soy Yo,Bomba Estéreo,117,10A,58,24/03/2021,02:39,64,"latin alternative, electrocumbia",Amanecer,02/06/2015,89,4,0,79,10,0,-8,B Minor,4,4Egb5xP6cniUx0kgZd5zLB,USSD11500075,no
466,Fool,BØRNS,125,10A,81,24/03/2021,03:38,0,,Fool,18/09/2015,68,0,2,87,0,0,-5,B Minor,4,3l5SjqZg5xlGFVGjPQr85o,USUM71510961,no
467,Tonight,Coasts,190,11B,88,24/03/2021,04:07,0,,Tonight,04/09/2015,29,1,0,50,0,30,-3,A Major,3,42bvMA2K3eeU840lMpierv,GBAHT1500360,no
468,Omen - Radio Edit,"Disclosure,Sam Smith",106,4B,79,24/03/2021,03:16,63,"house, soft pop",Omen (Radio Edit),27/07/2015,67,12,0,62,10,30,-5,G#/A♭ Major,4,78EQ5LZGgviMU9k0zrqv1r,GBUM71504534,no
469,Slow Burn (feat. Chuck Ellis),"Durante,Chuck Ellis",118,10A,85,24/03/2021,05:29,40,"melodic house, progressive house, deep house, ",Slow Burn,15/09/2014,75,0,7,61,0,40,-6,B Minor,4,3Nx6ascmxa65nVyXeun7Ya,QMLD61404000,no
470,Mountain at My Gates,Foals,104,7A,93,24/03/2021,04:04,39,indie,Mountain at My Gates,21/07/2015,50,0,8,62,0,20,-5,D Minor,4,2n3JZ0r4oIQaDQDW4yjVpq,GBAHT1500380,no
471,New Rush,Gin Wigmore,133,8B,94,24/03/2021,03:49,0,,New Rush,20/04/2015,73,3,9,48,0,10,-5,C Major,4,1qFi8W5Z0i7HZ2JgyQXXWw,AUUM71500267,no
472,Emergency,Icona Pop,126,2B,97,24/03/2021,02:49,58,,Emergency EP,17/07/2015,83,6,0,93,0,0,-3,F#/G♭ Major,4,6E7oFW7xTK6Ghucsq6tMUj,USAT21501475,yes
473,Yeah Yeah Yeah - Radio Edit,Jax Jones,122,3B,70,24/03/2021,03:39,42,,Yeah Yeah Yeah,24/07/2015,69,11,10,71,0,10,-5,C♯/D♭ Major,4,6reg46TnVrrHBEpV4H9yZN,GBUM71503714,no
474,Tiring Game,"John Newman,Charlie Wilson",128,3A,89,24/03/2021,03:23,53,sexy drill,Revolve,16/10/2015,67,0,0,40,0,10,-5,A#/B♭ Minor,4,7eeg1G22Q386Zigie8qrpN,GBUM71503023,no
475,Way down We Go,KALEO,82,3A,58,24/03/2021,03:39,64,,Way down We Go,07/08/2015,59,61,0,26,0,0,-6,A#/B♭ Minor,4,7aUuoq4oMfLxaLa5GVUDHi,USAT21502122,no
476,ID - Ultra Music Festival Anthem,Kygo,105,6B,68,24/03/2021,04:49,54,tropical house,ID (Ultra Music Festival Anthem),10/02/2015,69,62,72,34,0,10,-8,A#/B♭ Major,4,4SBqydJCEhcroni09XgT2c,SEBGA1500033,no
477,It's Strange (feat. K.Flay),"Louis The Child,K.Flay",86,8B,49,24/03/2021,04:05,0,,It's Strange (feat. K.Flay),09/09/2015,84,37,4,42,30,10,-8,C Major,4,0fXTcou0FQxSGksz3phLfT,TCACI1515173,no
478,All It Ever Was,Miami Horror,104,5A,74,24/03/2021,05:42,0,"nu disco, indie dance, electroclash",All Possible Futures,07/04/2015,18,15,0,8,0,30,-5,C Minor,4,66dEshsPJwNDZO9RLjuJOk,CADE70902655,no
479,Let Me Know,No Wyld,120,9B,89,24/03/2021,04:11,5,,Let Me Know,27/07/2015,58,11,0,12,10,10,-4,G Major,4,1qxfdtshzyOo9JwdPbvMYL,USSM11504788,no
480,Trip Switch,Nothing But Thieves,88,3A,83,24/03/2021,03:00,2,,Trip Switch,18/06/2015,65,2,1,70,0,0,-4,A#/B♭ Minor,4,6W1zoZPSyT56jDuGmM6b5P,GBARL1500590,no
481,Crystals,Of Monsters and Men,132,8B,77,24/03/2021,04:03,0,folk pop,Crystals,16/03/2015,58,0,0,31,0,10,-7,C Major,4,59yvXUFVjsaZQsDs09T7eA,USUG11500395,no
482,Feeling Electric,Parade of Lights,97,8B,83,24/03/2021,03:41,50,,Feeling Electric,02/06/2015,45,0,0,64,0,10,-5,C Major,4,2wHJj7r73uyiMjayyaoJGk,USUM71500998,no
483,Back of the Car,"RAC,Nate Henricks",132,9B,83,24/03/2021,04:12,0,,Back of the Car,09/06/2015,60,6,0,22,0,10,-7,G Major,4,15X35tF6ZanQFygFEz87ky,GBKPL1560373,no
484,Crystal Express,Raury,120,11B,94,24/03/2021,03:57,48,,All We Need,16/10/2015,76,12,0,74,0,10,-6,A Major,4,58l702tcyPKuXe9br3Grdl,USSM11506384,no
485,Pretend,Seinabo Sey,100,8B,84,24/03/2021,03:29,0,tropical house,Pretend,17/07/2015,71,26,0,28,0,30,-5,C Major,4,4PB6ScVs2c0k9EGpSd7k07,SEUM71500419,no
486,Cannonball,"Skylar Grey,X Ambassadors",103,11B,80,24/03/2021,03:55,43,,Cannonball,25/09/2015,58,5,0,40,0,40,-7,A Major,4,1Ez4p27fWkO7j9F1o5aHOD,USUM71510886,no
487,Walls,Slaptop,124,10A,62,24/03/2021,03:58,0,,Walls,10/09/2015,83,6,0,62,0,20,-5,B Minor,4,6iaszgkGRQPWtnqwtw01V2,USLGZ1500090,no
488,Lay it Right,Speelburg,116,11A,70,24/03/2021,03:26,37,,Lay it Right,06/05/2015,74,7,0,45,20,10,-8,F#/G♭ Minor,4,61bVwTPWKU7GVXCjNkt19F,GBARL1500420,no
489,One Great Song and I Could Change the World,Swim Deep,99,6B,85,24/03/2021,03:57,35,,One Great Song and I Could Change the World,30/04/2015,51,1,0,69,0,20,-6,A#/B♭ Major,4,6tkqqX7J4qgWD71Ts6BLaR,GBARL1500257,no
490,Smile,The Royal Concept,200,9B,64,24/03/2021,03:17,47,,Smile,21/08/2015,39,1,0,46,0,10,-7,G Major,4,2wKNBWS1mK1BhepVnuylz2,USUM71511167,no
491,Makes a King (feat. Jutty Taylor),"The Very Best,Jutty Taylor",125,4B,81,24/03/2021,04:33,0,"afropop, ",Makes a King,07/04/2015,65,2,0,43,0,0,-9,G#/A♭ Major,4,28jyYp6ctBJkXOwG3bweaT,GBGEY1400193,no
492,Run (feat. Lady Leshurr),"Tiggs Da Author,Lady Leshurr",166,9B,69,24/03/2021,02:49,30,"grime, uk grime",Run (feat. Lady Leshurr),12/01/2016,57,1,0,65,10,0,-4,G Major,4,0JEpFIQUIaDuBJk1SA8a96,GBARL1501864,no
493,Can’t Keep Checking My Phone,Unknown Mortal Orchestra,115,3B,96,24/03/2021,04:16,0,neo-psychedelic,Multi-Love,26/05/2015,71,5,0,88,0,20,-3,C♯/D♭ Major,4,0x38UMMhYacciPRK7ETk1M,US38Y1526204,no
494,Movin' Up,X-Wife,123,9A,62,24/03/2021,03:41,0,,Movin' Up,21/05/2015,67,1,3,76,0,0,-7,E Minor,4,43n5a7NSGpkPeWnuxLzypd,PTQO11500012,no
495,Gold,Olly Alexander (Years & Years),128,3A,73,24/03/2021,03:59,0,,Communion,10/07/2015,55,12,0,34,0,10,-7,A#/B♭ Minor,4,2Qq8sISCzmqnDamNNBnSh1,GBUM71501273,no
496,I Trusted U,Balkan Beat Box,102,9B,68,24/03/2021,03:43,24,,I Trusted U,25/02/2016,78,1,0,78,20,0,-5,G Major,4,6PpVWEDjZMR3X8Y1dKX3zG,QMZZY1600002,no
497,Send Them Off!,Bastille,100,3A,81,24/03/2021,03:20,1,,Send Them Off!,31/08/2016,61,13,0,45,0,20,-3,A#/B♭ Minor,4,5AAU5Ov1CEesKwWS2uzQji,GBUM71603418,no
498,Appeals,Bayonne,159,4B,88,24/03/2021,04:00,0,,Appeals,15/01/2016,53,15,6,68,0,30,-7,G#/A♭ Major,3,4k7kvFPV6BPuSU4x63RqRh,USQE91500179,no
499,Slide To The Side,Beaty Heart,97,3A,58,24/03/2021,03:46,37,,Till The Tomb,29/07/2016,72,1,4,49,0,10,-6,A#/B♭ Minor,4,0TKAzB68InoNAwdz4LbR3t,GBEK71400170,no
500,Up All Night,Beck,110,12A,94,24/03/2021,03:10,0,anti-folk,Up All Night,06/09/2017,65,1,8,69,0,20,-3,C♯/D♭ Minor,4,6Z884oSfliz0mKqTJTXrwb,US3841600117,no
501,Be Your Love,Bishop Briggs,130,7A,46,24/03/2021,03:14,59,,Be Your Love,23/09/2016,69,27,0,14,0,70,-8,D Minor,4,1Taq7PrHRF7dLCcHTRh2aj,QM7G91600033,no
502,Tearing Me Up - RAC Mix,"Bob Moses,RAC",115,9B,67,24/03/2021,05:28,41,,Tearing Me Up (RAC Mix),12/02/2016,78,3,0,36,0,0,-8,G Major,4,2XCcZcra67OwbQDxfR0ZG7,GBCEL1600023,no
503,Vowels,Capital Cities,111,8A,72,24/03/2021,03:05,0,,Vowels,16/09/2016,66,0,0,66,0,0,-5,A Minor,4,77dRMsf3qPiG9DRFZfRg3p,USUG11600807,no
504,Postpone,Catfish and the Bottlemen,138,11B,93,24/03/2021,04:05,54,"indie, indie rock",The Ride,27/05/2016,53,0,0,31,0,30,-4,A Major,4,1IMtCtSqlw3VJv3IvCxkaz,GBUM71600842,no
505,Un Sueño (feat. Aloe Blacc),"Ceci Bastida,Aloe Blacc",130,8B,93,24/03/2021,03:00,34,"mexican indie, latin alternative, ",Un Sueño (feat. Aloe Blacc),30/09/2016,77,40,0,55,10,20,-6,C Major,4,2sNShJqmKtc6ogoXhyrxL9,US66W1600040,no
506,Explotar,"Compass: Mexican Institute Of Sound + Toy Selectah,Mexican Institute Of Sound,Toy Selectah,Stereo MC's,Rob Birch,KOOL A.D.,Emicida,Maluca",105,9B,93,24/03/2021,03:52,25,"electrocumbia, latin alternative, mexican indie, moombahton, cumbia sonidera, acid jazz, madchester, experimental hip hop, uk r&b, brazilian hip hop, new mpb",Compass,26/08/2016,66,2,0,53,10,20,-5,G Major,4,7lnAWfjBGrqq9EDDr4JXB1,US6DR1602179,yes
507,Isombard,Declan McKenna,170,7B,89,24/03/2021,03:41,41,,Isombard,02/09/2016,41,0,11,36,0,30,-8,F Major,4,7tW9pGcZoNgnLKCyQX3Jva,GBARL1600922,no
508,Shangri-La,Digitalism,169,2A,63,24/03/2021,03:41,0,"new rave, electroclash, french house",Mirage,13/05/2016,53,0,36,32,0,10,-8,D#/E♭ Minor,4,40tLsER8qqHXcx3HPXhU4A,GBPVV1501255,no
509,Play It Out,DMA'S,145,3A,96,24/03/2021,03:24,0,,Hills End,26/02/2016,34,0,0,23,0,0,-2,A#/B♭ Minor,4,3mgEAajWTnKk2Z3o4NDcXA,AULI01502410,no
510,High And Low,Empire Of The Sun,127,3B,78,24/03/2021,03:44,1,,High And Low,24/08/2016,51,2,0,29,0,0,-5,C♯/D♭ Major,4,4idXqwDDENjWPbkrEy1w47,AUUM71600588,no
511,Pleasure,FRMTN,125,3A,82,24/03/2021,04:12,31,,Pleasure,21/04/2016,60,1,6,59,0,10,-8,A#/B♭ Minor,4,1S07xdfpKpCClKkg5uPmsy,GBAHT1600183,no
512,Youth,Glass Animals,96,8A,73,24/03/2021,03:50,0,,Youth,18/07/2016,65,11,0,75,0,10,-8,A Minor,4,1L8epx3bjOlIKncbJZRUcd,GB2DY1600029,no
513,Don't Stop Making It Happen,GROUPLOVE,98,11B,66,24/03/2021,03:01,0,indie,Big Mess,09/09/2016,65,2,0,73,0,0,-6,A Major,4,0Tfny4ghquVTCqQcMYC9Xr,USAT21601784,no
514,Anyway,Huntar,102,3B,61,24/03/2021,03:21,0,,Anyway,23/09/2016,58,12,0,46,0,20,-4,C♯/D♭ Major,4,5CJl5PgHTvT4JsLesw8O56,UK8E21600501,no
515,Surprise Yourself,Jack Garratt,159,4B,43,24/03/2021,04:20,51,,Phase (Deluxe),19/02/2016,35,26,0,9,0,10,-12,G#/A♭ Major,3,6YaC65M3ujeROidG3b09J0,GBUM71506454,no
516,O B 1,Jagwar Ma,101,7B,89,24/03/2021,05:20,0,,O B 1,15/07/2016,52,0,0,48,0,30,-7,F Major,4,4BcklXlKILoSk6PF5r2LEX,GBX721600148,no
517,Jusfayu (feat. No Wyld),"KAMAUU,No Wyld",120,10A,72,24/03/2021,03:27,42,,A Gorgeous Fortune EP,01/07/2016,85,6,0,63,10,20,-6,B Minor,4,6QRFUquy0XdtrkoWLWyjLm,USAT21600533,no
518,Raging (feat. Kodaline),"Kygo,Kodaline",100,2A,69,24/03/2021,03:44,58,"tropical house, ",Raging (feat. Kodaline),01/04/2016,55,5,0,41,0,20,-8,D#/E♭ Minor,4,6DsFZITJMPnh8z5XewfVmL,SEBGA1600314,no
519,We Got U,"Lemaitre,The Knocks",127,10A,68,24/03/2021,03:30,41,"norwegian pop, nu disco",We Got U,17/06/2016,57,2,0,44,0,10,-4,B Minor,4,1DOC9RFiw5zDRBm1w5IM6s,USUM71604264,no
520,Painting (Masterpiece),Lewis Del Mar,92,2B,86,24/03/2021,04:03,41,,Painting (Masterpiece),22/07/2016,73,28,0,71,0,0,-5,F#/G♭ Major,4,7kmSIKAk4VHP4QUjpBPbGg,USSM11605396,yes
521,Love Songs,Lola Coca,115,10B,77,24/03/2021,03:40,42,,Bad Girlfriend,04/12/2015,77,19,0,53,10,0,-3,D Major,4,5wFe3t5oeJLsYOHKKHZxmN,QM7281590038,no
522,Moving as One,LOYAL,114,9B,84,24/03/2021,05:26,18,,Moving as One,13/01/2017,71,0,7,48,0,10,-7,G Major,4,13ZGf65qmFqTwWNjppn3f6,US53Q1200139,no
523,Almighty Gosh,Lucius,125,1B,88,24/03/2021,03:35,0,,Good Grief,11/03/2016,54,0,0,26,0,0,-5,B Major,4,1GimOjvisvj40cRQ3krkYM,USQE91500207,no
524,Blue,Howl,97,11B,94,24/03/2021,03:21,32,,Blue,06/05/2016,43,1,0,45,0,30,-5,A Major,4,7ioug6JQ6bJTK0SnZ0U55b,GBARL1600490,no
525,Electrify,"Oliver,Scott Mellis",102,4B,76,24/03/2021,03:37,31,"nu disco, french house, indie dance, ",Electrify,08/09/2016,69,0,10,35,0,20,-4,G#/A♭ Major,4,0vgZ3emH1q5mGIkTLMEelx,USUM71607387,no
526,Chariots,Paper Route,129,8B,97,24/03/2021,04:36,0,"christian rock, christian alternative rock",Chariots,12/06/2016,26,0,1,46,10,10,-5,C Major,4,7zC7nXQPpj7oVeboU5lYOP,USQX91600266,no
527,Let Me Hear You (Scream),Paul Kalkbrenner,128,3A,71,24/03/2021,03:47,32,"minimal techno, techno, electro",Let Me Hear You (Scream),08/09/2016,80,0,57,89,0,20,-10,A#/B♭ Minor,4,0AWm2PR2SNuRSsR1KFXdNV,GBARL1601149,no
528,Same Old Blues,Phantogram,122,11A,70,24/03/2021,03:31,0,,Same Old Blues,16/09/2016,59,7,0,18,0,30,-3,F#/G♭ Minor,4,1pFZO6JH8S4LXMCzgtCIqg,USUM71605173,no
529,Shelter,"Porter Robinson,Madeon",200,8B,80,24/03/2021,03:38,0,"edm, electronic, french house, electropop",Shelter,12/08/2016,28,0,0,26,0,10,-4,C Major,4,3ISYGHoYnu4gos6JNMfL4z,QMUY41600040,no
530,GET OVER IT,RAT BOY,122,10B,90,24/03/2021,03:23,38,,GET OVER IT,07/07/2016,64,8,0,83,0,40,-4,D Major,4,0v2FBgSaKQp4yeI2azeEVd,GBAYE1601075,yes
531,Sto bene così,Rocco Hunt,100,10B,90,24/03/2021,03:16,37,"canzone napoletana, neomelodico",SignorHunt - Wake Up Edition,04/03/2016,70,1,0,17,0,30,-3,D Major,4,4huIvpXJF0dOgA2P4cyeHL,ITB001600055,no
532,Bye Bye,SAFIA,124,1B,81,24/03/2021,03:12,41,,Internal,09/09/2016,70,3,0,92,0,50,-6,B Major,4,1gjcS1gxD6NoMY2Vo5Bane,AUWA01600137,no
533,Move,Saint Motel,101,3A,82,24/03/2021,03:09,45,,Move,12/08/2016,64,2,0,72,0,30,-5,A#/B♭ Minor,4,61brtUJwrAQjyZjWpMBRXf,USAT21601952,no
534,Porcelain,Skott,126,3B,56,24/03/2021,04:01,0,,Porcelain / Wolf,27/07/2016,61,40,0,23,0,10,-7,C♯/D♭ Major,4,0zDzOFSvggZ6IGHJllWg3F,GBKPL1668070,yes
535,Protocol,Society,97,6A,94,24/03/2021,04:05,30,,Protocol,21/08/2015,46,0,0,41,0,30,-4,G Minor,4,1pzmgm9UKUssynNrPLuWhf,GBUM71505215,no
536,Satisfied,SOULS,115,6A,90,24/03/2021,02:58,30,,Satisfied,12/10/2016,72,1,0,53,0,0,-4,G Minor,4,0JJEgGI66XJo3ZqVvdFgJK,GBARL1600638,no
537,Who Are You?,Spring King,170,3A,97,24/03/2021,03:15,0,,Who Are You?,28/10/2015,41,0,24,96,0,30,-4,A#/B♭ Minor,4,1bTYROhdhrTrrDpnolvSQj,UK4631500010,no
538,Вера и Надежда (WIN),"ST,Marta Kot",144,8B,93,24/03/2021,03:20,0,,Вера и Надежда (WIN),26/09/2016,56,0,0,46,0,10,-5,C Major,4,5K0ZhYWmYBfWWulrjpGcKG,QM4TW1613202,no
539,Rumbera,Systema Solar,115,9B,83,24/03/2021,03:32,19,"electrocumbia, champeta, latin alternative",Rumbera,09/12/2016,79,1,0,86,0,0,-7,G Major,4,47GRdmNagVyganN98PEjBb,COGY11400127,no
540,Run,Tourist,126,3B,90,24/03/2021,05:59,0,,U,06/05/2016,56,57,90,13,0,10,-5,C♯/D♭ Major,4,51fYtowi5L9QdiX7OHZpYz,QMUY41500221,no
541,Are We Ready? (Wreck),Two Door Cinema Club,94,7A,80,24/03/2021,03:50,0,"indie, indie rock",Are We Ready? (Wreck),15/06/2016,61,1,1,74,0,30,-6,D Minor,4,2RqbfQUaosyIuvlQiwdJDJ,GBAYE1600971,no
542,Adrenaline,"Zedd,Grey",128,10A,99,24/03/2021,02:50,36,"edm, ",Adrenaline,02/09/2016,66,5,66,43,0,0,-3,B Minor,4,2pi3gRZ7K1Tf9YSyHYqPJT,USUM71607763,no
543,Money,ZHU,110,10A,69,24/03/2021,05:07,44,edm,GENERATIONWHY,29/07/2016,68,4,1,13,0,10,-8,B Minor,4,4lEsxCV3sC3gH04FNN1jcw,USSM11603148,no
544,Deadcrush,alt-J,143,8A,62,24/03/2021,03:51,56,"indie, indie rock",RELAXER,02/06/2017,65,10,48,60,0,10,-7,A Minor,4,7gn0MfkV4ZuMkqbPlmhIlx,GB5KW1700460,no
545,Energy,"Avelino,Stormzy,Skepta",121,4A,61,24/03/2021,03:12,45,"grime, uk grime, afroswing, uk drill",Energy,10/02/2017,52,3,0,72,30,0,-9,F Minor,4,7IMqgNhzeFbxK0kOwNgybQ,QM4TW1759708,no
546,Wages - PHRESSSH Mix,Bad Sounds,98,11B,90,24/03/2021,02:55,0,,PHRESSSH - EP,26/05/2017,48,0,2,67,0,20,-3,A Major,4,4cY1UR4UCWzXqGm9lMvnQC,GBEPN1600017,no
547,L'Hiver Indien - Radio Edit,Baloji,125,10B,67,24/03/2021,03:27,0,,L'Hiver Indien (Radio Edit),01/09/2017,74,24,0,42,0,10,-8,D Major,4,3NOhUgC8pwJCusX6rheQ4F,GBBRP1771801,no
548,Faded Heart,BØRNS,140,1B,92,24/03/2021,03:35,35,,Faded Heart,28/07/2017,51,2,2,39,0,30,-5,B Major,4,6TWSVHx6z6E42JiwloGv1k,USUM71705009,no
549,Standing In The Middle Of The Field,Cut Copy,115,8B,85,24/03/2021,05:31,0,"alternative dance, indie dance, indie electronic, new rave",Standing In The Middle Of The Field,04/08/2017,71,46,0,69,0,20,-6,C Major,4,26tlnKBG3LeFAX1sLysAev,USUG11701010,no
550,Tic Tac Toe,Django Django,133,1B,92,24/03/2021,03:54,0,,Tic Tac Toe,10/10/2017,51,0,0,55,0,10,-7,B Major,4,1RJU4am0cw6l6MIhMUbBnh,GBMVH1701210,no
551,King Ruby,IDER,103,9B,67,24/03/2021,03:40,0,,King Ruby,23/09/2016,71,44,9,40,0,10,-7,G Major,4,64TVBhoIG4hcugkDy9J0gv,TCACR1674059,no
552,Top of the World,Kimbra,150,11B,76,24/03/2021,03:25,0,,Top of the World,10/11/2017,62,11,6,30,0,10,-7,A Major,4,1yjlYqm9a7hRFWr8URAa2l,USWB11701887,no
553,Drown,Kovic,116,6B,88,24/03/2021,03:08,0,tropical house,Drown,29/09/2017,71,29,0,67,0,20,-4,A#/B♭ Major,4,41VsrhyOOnyGwE8c1hSOHV,GBKPL1789314,no
554,Supercut,Lorde,125,8B,44,24/03/2021,04:37,80,,Melodrama,16/06/2017,56,22,0,15,0,0,-10,C Major,4,6K8VQ84MqhsoakN5MjrnVR,NZUM71700072,no
555,Automatic,Mondo Cozmo,120,7B,95,24/03/2021,03:35,37,,Plastic Soul,04/08/2017,48,0,0,44,10,30,-4,F Major,4,0YlxPFw3LBrgojrwBCGUKG,USUM71704953,no
556,helpline (feat. Tom Tripp),"Mura Masa,Tom Tripp",95,9B,74,24/03/2021,03:24,48,,Mura Masa,14/07/2017,63,3,51,69,0,30,-6,G Major,4,3kTi265EwS95DCYL59hxyK,GBUM71701396,no
557,La Ciudad,ODESZA,108,8A,84,24/03/2021,04:31,50,"chillwave, chillstep",A Moment Apart,08/09/2017,67,1,33,22,0,10,-6,A Minor,4,4x6aawsLyPkF3aGPXGvbat,GBCFB1700219,no
558,Falcon Eye,Off Bloom,97,11B,76,24/03/2021,03:54,38,,Falcon Eye,17/02/2017,63,1,0,14,0,10,-4,A Major,4,78cuZf3kK201K2PXafXGTZ,GBUM71700600,no
559,Heart Attack (feat. De La Soul),"Oliver,De La Soul",100,10B,86,24/03/2021,03:50,36,"nu disco, french house, indie dance, jazz rap, east coast hip hop",Full Circle,25/08/2017,83,11,0,63,10,0,-4,D Major,4,6FBndOcWyw1OqagEIUJbn8,USUM71704952,no
560,Míol Mór Mara,Outsider,180,11B,88,24/03/2021,03:45,35,,Outsider,13/09/2017,32,0,0,38,0,20,-7,A Major,4,6O9trMlvwEEYdYn3seB5dR,UKL8D1700019,no
561,Slip Away,Perfume Genius,137,3B,51,24/03/2021,02:45,0,art pop,No Shape,05/05/2017,60,37,0,57,0,0,-7,C♯/D♭ Major,4,3Gda1sTo2ZjbztjjsnAsP3,USMTD1709223,no
562,Throw It In The Fire,Phantoms,120,7B,71,24/03/2021,05:21,35,,Phantoms,31/03/2017,87,0,0,90,20,10,-7,F Major,4,3vIaLqAlIU7QCF0o3zMokF,USUM71702854,no
563,Live in the Moment,Portugal. The Man,128,11A,58,24/03/2021,04:06,70,,Woodstock,16/06/2017,55,0,17,24,0,10,-7,F#/G♭ Minor,4,60eOMEt3WNVX1m1jmApmnX,USAT21700816,no
564,The Beautiful Game,"RAC,St. Lucia",105,10B,64,24/03/2021,04:32,43,,The Beautiful Game,20/06/2017,44,37,0,45,0,10,-7,D Major,4,1kRTlW6idFA2IGhJrMmiyF,GBCFB1700092,no
565,Dagombas en Tamale,Residente,83,3B,84,24/03/2021,03:55,40,latin hip hop,Residente,31/03/2017,61,0,0,73,10,60,-5,C♯/D♭ Major,4,6dABTmyCBksFEW76oTOr5q,USSD11700062,no
566,Never Enough,Rex Orange County,159,12B,89,24/03/2021,04:58,0,bedroom pop,Apricot Princess,26/04/2017,51,1,0,54,10,0,-4,E Major,4,6XPOY3MxYArU6xvkB3BMkU,US23A1500503,yes
567,Mean Demeanor,Run The Jewels,150,3B,68,24/03/2021,03:01,0,hip hop,Mean Demeanor,29/09/2017,68,0,1,52,0,30,-8,C♯/D♭ Major,4,0KDTWyOfhVNSHyctLmiQC3,QZ6AM1600035,no
568,&Run,Sir Sly,92,7B,66,24/03/2021,03:46,61,,"Don't You Worry, Honey",30/06/2017,76,2,0,48,0,10,-8,F Major,4,0w4m3Xp4svlIoyL94Zjlyd,USUM71704895,no
569,Star Roving,Slowdive,144,11B,93,24/03/2021,05:38,0,"shoegaze, dream pop, slowcore",Slowdive,05/05/2017,33,7,73,40,0,20,-5,A Major,4,6oeABvJGU7Oztzd3CiSv0l,USJ5G1713202,no
570,"Best Friend (feat. NERVO, The Knocks & ALISA UENO)","SOFI TUKKER,NERVO,The Knocks,ALISA UENO",102,1B,70,24/03/2021,03:04,46,"nu disco, ","Best Friend (feat. NERVO, The Knocks & ALISA UENO)",12/09/2017,70,1,8,30,0,10,-6,B Major,4,1Cicn7ce1xoVlq8gthE2eX,QM37X1700011,yes
571,Something For Your M.I.N.D.,Superorganism,140,10B,54,24/03/2021,02:45,50,art pop,Something For Your M.I.N.D.,05/09/2017,70,13,0,66,10,20,-4,D Major,4,47wq2z7KMHDRnoSMdZODUA,GBCEL1700514,no
572,Jungle (Radio Edit),Tash Sultana,146,12A,72,24/03/2021,03:57,0,,Jungle (Radio Edit),19/12/2016,54,18,0,54,0,10,-6,C♯/D♭ Minor,4,5GI8QlM6RlyZjegB9CFk7U,AUBEC1601225,no
573,Ça Va Pas La Tête?,Témé Tan,108,11B,72,24/03/2021,02:59,0,,Ça Va Pas La Tête?,13/01/2017,78,17,1,92,0,10,-7,A Major,4,0xvIE1dBdy1xvlCQbZE8jF,BECE31600101,no
574,Stay With Me,The Amazons,147,11B,85,24/03/2021,03:14,24,,The Amazons,26/05/2017,26,0,0,46,0,0,-3,A Major,4,1snlNJpIEuYHP8NoWpnFtL,GBUM71604650,no
575,The System Only Dreams in Total Darkness,The National,110,5A,91,24/03/2021,03:56,0,indie rock,The System Only Dreams in Total Darkness,11/05/2017,60,16,79,37,20,50,-7,C Minor,4,5t8OscU60DLybml2sjwhri,GBAFL1700209,no
576,Holding On,The War On Drugs,150,2B,94,24/03/2021,05:50,57,indie rock,A Deeper Understanding,25/08/2017,44,0,1,69,0,0,-5,F#/G♭ Major,4,2h5CXy8Pme1lTY3CUAEI1i,USAT21701230,no
577,Dangerous,The xx,120,4B,71,24/03/2021,04:10,0,,I See You,13/01/2017,77,0,0,56,0,20,-6,G#/A♭ Major,4,33B2QbtAj8mbDpwvGTOnBt,UK7MC1600067,no
578,Found What I've Been Looking For,Tom Grennan,107,2A,83,24/03/2021,03:12,51,,Found What I've Been Looking For - EP,04/08/2017,63,3,0,79,0,0,-5,D#/E♭ Minor,4,4Hn5Jhz7OAdfTqrKZzN0tf,GBARL1700807,no
579,Sisyphus,Toothless,170,12A,95,24/03/2021,03:25,0,,The Pace Of The Passing,27/01/2017,46,13,46,70,0,10,-6,C♯/D♭ Minor,4,0xK68aQULUmXa0DIW0lU13,GBUM71605945,no
580,Deflect the Light,"Vessels,The Flaming Lips",132,1A,91,24/03/2021,04:09,0,"post-rock, math rock, neo-psychedelic",Deflect the Light,28/06/2017,56,0,6,22,0,10,-6,G#/A♭ Minor,4,4a8y6wB9sqmEf5ATELhG2H,GBENL1701981,no
581,Get Lost,Washed Out,114,8A,96,24/03/2021,04:04,0,"chillwave, dream pop",Mister Mellow,30/06/2017,59,3,5,74,0,70,-4,A Minor,4,43oqreNqMx3mvjL9x6u7II,US2S71787010,no
582,Fuego,Bomba Estéreo,100,9A,82,24/03/2021,04:38,41,"latin alternative, electrocumbia",Blow Up,05/10/2009,77,5,0,16,0,0,-6,E Minor,4,5g4ysKgg6wXnolLqkL3J1S,US66W0901435,no
583,Move,ChocQuibTown,100,3B,83,24/03/2021,03:44,11,"salsa choke, colombian pop, latin alternative",Oro,02/03/2010,90,4,0,92,20,10,-5,C♯/D♭ Major,4,0LSOwh1WlVY7bSpeLFM8Fg,US66W0901759,no
584,Caxambu,Karol Conká,130,10A,82,24/03/2021,02:55,21,"brazilian pop, brazilian hip hop",Batuk Freak (Instrumentals),2013-00-00,79,21,89,4,0,10,-8,B Minor,4,5qadNHtHJMEH6Nn061W90f,GBCLQ1300024,no
585,Deela Ding,Leo Justi,128,3B,87,24/03/2021,03:16,0,brazilian funk,Vira a Cara,22/07/2015,65,0,0,57,10,30,-6,C♯/D♭ Major,4,0ueulvkzOC42IJDSNkrxXH,GBKPL1514248,no
586,11 Acre,Mondo Cozmo,126,9A,97,24/03/2021,03:17,34,,Plastic Soul,04/08/2017,47,0,5,18,10,20,-2,E Minor,4,4J97CmLk4uoyzW0p6LE4Zl,USUM71705328,no
587,Feels Like Summer,Weezer,176,1B,94,24/03/2021,03:15,36,alternative rock,Feels Like Summer,16/03/2017,47,1,0,70,10,80,-2,B Major,4,6tNQw4RAj7oYogHXVzKJg8,USAT21700603,no
588,Yo Voy Ganao,Systema Solar,124,4B,95,24/03/2021,05:23,0,"electrocumbia, champeta, latin alternative",Systema Solar,11/03/2016,71,0,0,75,0,20,-6,G#/A♭ Major,4,6Z5huUpfZNcYmNUiMuq8q8,US7VG1331449,no
589,Beautiful People,Andreya Triana,141,3B,92,24/03/2021,02:29,39,,Woman,20/11/2018,50,7,0,97,10,0,-4,C♯/D♭ Major,4,3GgxTDAPrcqAMmHyr7LptK,UKHNU1800007,no
590,Island Life,Atomic Drum Assembly,166,3B,92,24/03/2021,03:25,0,,Atomic Drum Assembly,16/07/2018,54,0,22,33,0,30,-5,C♯/D♭ Major,4,5EJkHU29YO57aBg3JFeQuI,UKHAV1800004,no
591,Big Dreams,Bakar,180,10A,89,24/03/2021,02:33,0,,Badkid,22/05/2018,64,0,0,53,0,0,-6,B Minor,4,0I6rPjtBatbnqWzqvQhvp4,TCACW1763006,no
592,Jackie Chan,"Bantu,Dr. Chaii",108,6A,54,24/03/2021,03:01,47,"afro house, amapiano, afrobeats",Jackie Chan,15/06/2018,96,25,0,62,10,0,-8,G Minor,4,4yoVysVzKbW0da1sayGpWp,US23A1500862,no
593,Tribe (with J. Cole),"Bas,J. Cole",179,9B,58,24/03/2021,03:58,0,rap,Tribe (with J. Cole),22/08/2018,76,22,0,26,20,10,-6,G Major,4,0VzldL0pI15T00mdRcvCPt,USUM71811081,no
594,Take It Easy (feat. U.S. Girls & Ledinsky),"BC Unidos,U.S. Girls,Ledinsky",115,11B,88,24/03/2021,03:13,36,"art pop, ",Take It Easy (feat. U.S. Girls & Ledinsky),09/03/2018,50,2,0,32,0,30,-5,A Major,4,3zCzgXPK3fRiVqpWYoINyG,SEBGA1800294,no
595,It's Not This,"Bearson,Lemaitre,josh pan",78,7A,41,24/03/2021,03:10,54,"norwegian pop, ",It's Not This,21/09/2018,83,46,0,56,0,0,-5,D Minor,4,12ZC7GrMQNo6xXJdN89d8P,USUS11800258,no
596,you should see me in a crown,Billie Eilish,75,12A,55,24/03/2021,03:00,0,,you should see me in a crown,18/07/2018,70,48,13,28,20,10,-10,C♯/D♭ Minor,4,6vsV4D8BM6PioRr1UOx0n2,USUM71810049,no
597,Heaven Only Knows,Bob Moses,107,2B,55,24/03/2021,04:22,0,,Back Down,26/07/2018,56,0,0,8,0,30,-6,F#/G♭ Major,4,0HQVh6bWPXDgp0CYpee6ID,GBCEL1800283,no
598,Peach,BROODS,111,7B,74,24/03/2021,04:15,0,,Peach,08/08/2018,69,1,0,24,0,20,-5,F Major,4,35cr60GvlqBVchNX7fBqyo,USAT21810518,no
599,Ordinary People (feat. JP Cooper),"Bugzy Malone,JP Cooper",143,10A,80,24/03/2021,04:30,53,"grime, uk grime, uk drill, drill, ",B. Inspired,17/08/2018,47,24,0,41,20,0,-7,B Minor,4,5YmmqeU1a7KsNzvbj4aCGS,UKJM21800014,yes
600,Feels Like Summer,Childish Gambino,166,9B,60,24/03/2021,04:57,80,,Summer Pack,11/07/2018,55,16,0,25,10,0,-8,G Major,4,7p4vHnYXkxlzvfePJVpcTr,USRC11802773,no
601,Be Your Love,Bishop Briggs,130,7A,46,24/03/2021,03:14,59,,Be Your Love,23/09/2016,69,27,0,14,0,70,-8,D Minor,4,1Taq7PrHRF7dLCcHTRh2aj,QM7G91600033,no
602,Tearing Me Up - RAC Mix,"Bob Moses,RAC",115,9B,67,24/03/2021,05:28,41,,Tearing Me Up (RAC Mix),12/02/2016,78,3,0,36,0,0,-8,G Major,4,2XCcZcra67OwbQDxfR0ZG7,GBCEL1600023,no
603,Vowels,Capital Cities,111,8A,72,24/03/2021,03:05,0,,Vowels,16/09/2016,66,0,0,66,0,0,-5,A Minor,4,77dRMsf3qPiG9DRFZfRg3p,USUG11600807,no
604,Postpone,Catfish and the Bottlemen,138,11B,93,24/03/2021,04:05,54,"indie, indie rock",The Ride,27/05/2016,53,0,0,31,0,30,-4,A Major,4,1IMtCtSqlw3VJv3IvCxkaz,GBUM71600842,no
605,Un Sueño (feat. Aloe Blacc),"Ceci Bastida,Aloe Blacc",130,8B,93,24/03/2021,03:00,34,"mexican indie, latin alternative, ",Un Sueño (feat. Aloe Blacc),30/09/2016,77,40,0,55,10,20,-6,C Major,4,2sNShJqmKtc6ogoXhyrxL9,US66W1600040,no
606,Explotar,"Compass: Mexican Institute Of Sound + Toy Selectah,Mexican Institute Of Sound,Toy Selectah,Stereo MC's,Rob Birch,KOOL A.D.,Emicida,Maluca",105,9B,93,24/03/2021,03:52,25,"electrocumbia, latin alternative, mexican indie, moombahton, cumbia sonidera, acid jazz, madchester, experimental hip hop, uk r&b, brazilian hip hop, new mpb",Compass,26/08/2016,66,2,0,53,10,20,-5,G Major,4,7lnAWfjBGrqq9EDDr4JXB1,US6DR1602179,yes
607,Isombard,Declan McKenna,170,7B,89,24/03/2021,03:41,41,,Isombard,02/09/2016,41,0,11,36,0,30,-8,F Major,4,7tW9pGcZoNgnLKCyQX3Jva,GBARL1600922,no
608,Shangri-La,Digitalism,169,2A,63,24/03/2021,03:41,0,"new rave, electroclash, french house",Mirage,13/05/2016,53,0,36,32,0,10,-8,D#/E♭ Minor,4,40tLsER8qqHXcx3HPXhU4A,GBPVV1501255,no
609,Play It Out,DMA'S,145,3A,96,24/03/2021,03:24,0,,Hills End,26/02/2016,34,0,0,23,0,0,-2,A#/B♭ Minor,4,3mgEAajWTnKk2Z3o4NDcXA,AULI01502410,no
610,High And Low,Empire Of The Sun,127,3B,78,24/03/2021,03:44,1,,High And Low,24/08/2016,51,2,0,29,0,0,-5,C♯/D♭ Major,4,4idXqwDDENjWPbkrEy1w47,AUUM71600588,no
611,Pleasure,FRMTN,125,3A,82,24/03/2021,04:12,31,,Pleasure,21/04/2016,60,1,6,59,0,10,-8,A#/B♭ Minor,4,1S07xdfpKpCClKkg5uPmsy,GBAHT1600183,no
612,Youth,Glass Animals,96,8A,73,24/03/2021,03:50,0,,Youth,18/07/2016,65,11,0,75,0,10,-8,A Minor,4,1L8epx3bjOlIKncbJZRUcd,GB2DY1600029,no
613,Don't Stop Making It Happen,GROUPLOVE,98,11B,66,24/03/2021,03:01,0,indie,Big Mess,09/09/2016,65,2,0,73,0,0,-6,A Major,4,0Tfny4ghquVTCqQcMYC9Xr,USAT21601784,no
614,Anyway,Huntar,102,3B,61,24/03/2021,03:21,0,,Anyway,23/09/2016,58,12,0,46,0,20,-4,C♯/D♭ Major,4,5CJl5PgHTvT4JsLesw8O56,UK8E21600501,no
615,Surprise Yourself,Jack Garratt,159,4B,43,24/03/2021,04:20,51,,Phase (Deluxe),19/02/2016,35,26,0,9,0,10,-12,G#/A♭ Major,3,6YaC65M3ujeROidG3b09J0,GBUM71506454,no
616,O B 1,Jagwar Ma,101,7B,89,24/03/2021,05:20,0,,O B 1,15/07/2016,52,0,0,48,0,30,-7,F Major,4,4BcklXlKILoSk6PF5r2LEX,GBX721600148,no
617,Jusfayu (feat. No Wyld),"KAMAUU,No Wyld",120,10A,72,24/03/2021,03:27,42,,A Gorgeous Fortune EP,01/07/2016,85,6,0,63,10,20,-6,B Minor,4,6QRFUquy0XdtrkoWLWyjLm,USAT21600533,no
618,Raging (feat. Kodaline),"Kygo,Kodaline",100,2A,69,24/03/2021,03:44,58,"tropical house, ",Raging (feat. Kodaline),01/04/2016,55,5,0,41,0,20,-8,D#/E♭ Minor,4,6DsFZITJMPnh8z5XewfVmL,SEBGA1600314,no
619,We Got U,"Lemaitre,The Knocks",127,10A,68,24/03/2021,03:30,41,"norwegian pop, nu disco",We Got U,17/06/2016,57,2,0,44,0,10,-4,B Minor,4,1DOC9RFiw5zDRBm1w5IM6s,USUM71604264,no
620,Painting (Masterpiece),Lewis Del Mar,92,2B,86,24/03/2021,04:03,41,,Painting (Masterpiece),22/07/2016,73,28,0,71,0,0,-5,F#/G♭ Major,4,7kmSIKAk4VHP4QUjpBPbGg,USSM11605396,yes
621,Love Songs,Lola Coca,115,10B,77,24/03/2021,03:40,42,,Bad Girlfriend,04/12/2015,77,19,0,53,10,0,-3,D Major,4,5wFe3t5oeJLsYOHKKHZxmN,QM7281590038,no
622,Moving as One,LOYAL,114,9B,84,24/03/2021,05:26,18,,Moving as One,13/01/2017,71,0,7,48,0,10,-7,G Major,4,13ZGf65qmFqTwWNjppn3f6,US53Q1200139,no
623,Almighty Gosh,Lucius,125,1B,88,24/03/2021,03:35,0,,Good Grief,11/03/2016,54,0,0,26,0,0,-5,B Major,4,1GimOjvisvj40cRQ3krkYM,USQE91500207,no
624,Blue,Howl,97,11B,94,24/03/2021,03:21,32,,Blue,06/05/2016,43,1,0,45,0,30,-5,A Major,4,7ioug6JQ6bJTK0SnZ0U55b,GBARL1600490,no
625,Electrify,"Oliver,Scott Mellis",102,4B,76,24/03/2021,03:37,31,"nu disco, french house, indie dance, ",Electrify,08/09/2016,69,0,10,35,0,20,-4,G#/A♭ Major,4,0vgZ3emH1q5mGIkTLMEelx,USUM71607387,no
626,Chariots,Paper Route,129,8B,97,24/03/2021,04:36,0,"christian rock, christian alternative rock",Chariots,12/06/2016,26,0,1,46,10,10,-5,C Major,4,7zC7nXQPpj7oVeboU5lYOP,USQX91600266,no
627,Let Me Hear You (Scream),Paul Kalkbrenner,128,3A,71,24/03/2021,03:47,32,"minimal techno, techno, electro",Let Me Hear You (Scream),08/09/2016,80,0,57,89,0,20,-10,A#/B♭ Minor,4,0AWm2PR2SNuRSsR1KFXdNV,GBARL1601149,no
628,Same Old Blues,Phantogram,122,11A,70,24/03/2021,03:31,0,,Same Old Blues,16/09/2016,59,7,0,18,0,30,-3,F#/G♭ Minor,4,1pFZO6JH8S4LXMCzgtCIqg,USUM71605173,no
629,Shelter,"Porter Robinson,Madeon",200,8B,80,24/03/2021,03:38,0,"edm, electronic, french house, electropop",Shelter,12/08/2016,28,0,0,26,0,10,-4,C Major,4,3ISYGHoYnu4gos6JNMfL4z,QMUY41600040,no
630,GET OVER IT,RAT BOY,122,10B,90,24/03/2021,03:23,38,,GET OVER IT,07/07/2016,64,8,0,83,0,40,-4,D Major,4,0v2FBgSaKQp4yeI2azeEVd,GBAYE1601075,yes
631,Sto bene così,Rocco Hunt,100,10B,90,24/03/2021,03:16,37,"canzone napoletana, neomelodico",SignorHunt - Wake Up Edition,04/03/2016,70,1,0,17,0,30,-3,D Major,4,4huIvpXJF0dOgA2P4cyeHL,ITB001600055,no
632,Bye Bye,SAFIA,124,1B,81,24/03/2021,03:12,41,,Internal,09/09/2016,70,3,0,92,0,50,-6,B Major,4,1gjcS1gxD6NoMY2Vo5Bane,AUWA01600137,no
633,Move,Saint Motel,101,3A,82,24/03/2021,03:09,45,,Move,12/08/2016,64,2,0,72,0,30,-5,A#/B♭ Minor,4,61brtUJwrAQjyZjWpMBRXf,USAT21601952,no
634,Porcelain,Skott,126,3B,56,24/03/2021,04:01,0,,Porcelain / Wolf,27/07/2016,61,40,0,23,0,10,-7,C♯/D♭ Major,4,0zDzOFSvggZ6IGHJllWg3F,GBKPL1668070,yes
635,Protocol,Society,97,6A,94,24/03/2021,04:05,30,,Protocol,21/08/2015,46,0,0,41,0,30,-4,G Minor,4,1pzmgm9UKUssynNrPLuWhf,GBUM71505215,no
636,Satisfied,SOULS,115,6A,90,24/03/2021,02:58,30,,Satisfied,12/10/2016,72,1,0,53,0,0,-4,G Minor,4,0JJEgGI66XJo3ZqVvdFgJK,GBARL1600638,no
637,Who Are You?,Spring King,170,3A,97,24/03/2021,03:15,0,,Who Are You?,28/10/2015,41,0,24,96,0,30,-4,A#/B♭ Minor,4,1bTYROhdhrTrrDpnolvSQj,UK4631500010,no
638,Вера и Надежда (WIN),"ST,Marta Kot",144,8B,93,24/03/2021,03:20,0,,Вера и Надежда (WIN),26/09/2016,56,0,0,46,0,10,-5,C Major,4,5K0ZhYWmYBfWWulrjpGcKG,QM4TW1613202,no
639,Rumbera,Systema Solar,115,9B,83,24/03/2021,03:32,19,"electrocumbia, champeta, latin alternative",Rumbera,09/12/2016,79,1,0,86,0,0,-7,G Major,4,47GRdmNagVyganN98PEjBb,COGY11400127,no
640,Run,Tourist,126,3B,90,24/03/2021,05:59,0,,U,06/05/2016,56,57,90,13,0,10,-5,C♯/D♭ Major,4,51fYtowi5L9QdiX7OHZpYz,QMUY41500221,no
641,Are We Ready? (Wreck),Two Door Cinema Club,94,7A,80,24/03/2021,03:50,0,"indie, indie rock",Are We Ready? (Wreck),15/06/2016,61,1,1,74,0,30,-6,D Minor,4,2RqbfQUaosyIuvlQiwdJDJ,GBAYE1600971,no
642,Adrenaline,"Zedd,Grey",128,10A,99,24/03/2021,02:50,36,"edm, ",Adrenaline,02/09/2016,66,5,66,43,0,0,-3,B Minor,4,2pi3gRZ7K1Tf9YSyHYqPJT,USUM71607763,no
643,Money,ZHU,110,10A,69,24/03/2021,05:07,44,edm,GENERATIONWHY,29/07/2016,68,4,1,13,0,10,-8,B Minor,4,4lEsxCV3sC3gH04FNN1jcw,USSM11603148,no
644,Deadcrush,alt-J,143,8A,62,24/03/2021,03:51,56,"indie, indie rock",RELAXER,02/06/2017,65,10,48,60,0,10,-7,A Minor,4,7gn0MfkV4ZuMkqbPlmhIlx,GB5KW1700460,no
645,Energy,"Avelino,Stormzy,Skepta",121,4A,61,24/03/2021,03:12,45,"grime, uk grime, afroswing, uk drill",Energy,10/02/2017,52,3,0,72,30,0,-9,F Minor,4,7IMqgNhzeFbxK0kOwNgybQ,QM4TW1759708,no
646,Wages - PHRESSSH Mix,Bad Sounds,98,11B,90,24/03/2021,02:55,0,,PHRESSSH - EP,26/05/2017,48,0,2,67,0,20,-3,A Major,4,4cY1UR4UCWzXqGm9lMvnQC,GBEPN1600017,no
647,L'Hiver Indien - Radio Edit,Baloji,125,10B,67,24/03/2021,03:27,0,,L'Hiver Indien (Radio Edit),01/09/2017,74,24,0,42,0,10,-8,D Major,4,3NOhUgC8pwJCusX6rheQ4F,GBBRP1771801,no
648,Faded Heart,BØRNS,140,1B,92,24/03/2021,03:35,35,,Faded Heart,28/07/2017,51,2,2,39,0,30,-5,B Major,4,6TWSVHx6z6E42JiwloGv1k,USUM71705009,no
649,Standing In The Middle Of The Field,Cut Copy,115,8B,85,24/03/2021,05:31,0,"alternative dance, indie dance, indie electronic, new rave",Standing In The Middle Of The Field,04/08/2017,71,46,0,69,0,20,-6,C Major,4,26tlnKBG3LeFAX1sLysAev,USUG11701010,no
650,Tic Tac Toe,Django Django,133,1B,92,24/03/2021,03:54,0,,Tic Tac Toe,10/10/2017,51,0,0,55,0,10,-7,B Major,4,1RJU4am0cw6l6MIhMUbBnh,GBMVH1701210,no
651,King Ruby,IDER,103,9B,67,24/03/2021,03:40,0,,King Ruby,23/09/2016,71,44,9,40,0,10,-7,G Major,4,64TVBhoIG4hcugkDy9J0gv,TCACR1674059,no
652,Top of the World,Kimbra,150,11B,76,24/03/2021,03:25,0,,Top of the World,10/11/2017,62,11,6,30,0,10,-7,A Major,4,1yjlYqm9a7hRFWr8URAa2l,USWB11701887,no
653,Drown,Kovic,116,6B,88,24/03/2021,03:08,0,tropical house,Drown,29/09/2017,71,29,0,67,0,20,-4,A#/B♭ Major,4,41VsrhyOOnyGwE8c1hSOHV,GBKPL1789314,no
654,Supercut,Lorde,125,8B,44,24/03/2021,04:37,80,,Melodrama,16/06/2017,56,22,0,15,0,0,-10,C Major,4,6K8VQ84MqhsoakN5MjrnVR,NZUM71700072,no
655,Automatic,Mondo Cozmo,120,7B,95,24/03/2021,03:35,37,,Plastic Soul,04/08/2017,48,0,0,44,10,30,-4,F Major,4,0YlxPFw3LBrgojrwBCGUKG,USUM71704953,no
656,helpline (feat. Tom Tripp),"Mura Masa,Tom Tripp",95,9B,74,24/03/2021,03:24,48,,Mura Masa,14/07/2017,63,3,51,69,0,30,-6,G Major,4,3kTi265EwS95DCYL59hxyK,GBUM71701396,no
657,La Ciudad,ODESZA,108,8A,84,24/03/2021,04:31,50,"chillwave, chillstep",A Moment Apart,08/09/2017,67,1,33,22,0,10,-6,A Minor,4,4x6aawsLyPkF3aGPXGvbat,GBCFB1700219,no
658,Falcon Eye,Off Bloom,97,11B,76,24/03/2021,03:54,38,,Falcon Eye,17/02/2017,63,1,0,14,0,10,-4,A Major,4,78cuZf3kK201K2PXafXGTZ,GBUM71700600,no
659,Heart Attack (feat. De La Soul),"Oliver,De La Soul",100,10B,86,24/03/2021,03:50,36,"nu disco, french house, indie dance, jazz rap, east coast hip hop",Full Circle,25/08/2017,83,11,0,63,10,0,-4,D Major,4,6FBndOcWyw1OqagEIUJbn8,USUM71704952,no
660,Míol Mór Mara,Outsider,180,11B,88,24/03/2021,03:45,35,,Outsider,13/09/2017,32,0,0,38,0,20,-7,A Major,4,6O9trMlvwEEYdYn3seB5dR,UKL8D1700019,no
661,Slip Away,Perfume Genius,137,3B,51,24/03/2021,02:45,0,art pop,No Shape,05/05/2017,60,37,0,57,0,0,-7,C♯/D♭ Major,4,3Gda1sTo2ZjbztjjsnAsP3,USMTD1709223,no
662,Throw It In The Fire,Phantoms,120,7B,71,24/03/2021,05:21,35,,Phantoms,31/03/2017,87,0,0,90,20,10,-7,F Major,4,3vIaLqAlIU7QCF0o3zMokF,USUM71702854,no
663,Live in the Moment,Portugal. The Man,128,11A,58,24/03/2021,04:06,70,,Woodstock,16/06/2017,55,0,17,24,0,10,-7,F#/G♭ Minor,4,60eOMEt3WNVX1m1jmApmnX,USAT21700816,no
664,The Beautiful Game,"RAC,St. Lucia",105,10B,64,24/03/2021,04:32,43,,The Beautiful Game,20/06/2017,44,37,0,45,0,10,-7,D Major,4,1kRTlW6idFA2IGhJrMmiyF,GBCFB1700092,no
665,Dagombas en Tamale,Residente,83,3B,84,24/03/2021,03:55,40,latin hip hop,Residente,31/03/2017,61,0,0,73,10,60,-5,C♯/D♭ Major,4,6dABTmyCBksFEW76oTOr5q,USSD11700062,no
666,Never Enough,Rex Orange County,159,12B,89,24/03/2021,04:58,0,bedroom pop,Apricot Princess,26/04/2017,51,1,0,54,10,0,-4,E Major,4,6XPOY3MxYArU6xvkB3BMkU,US23A1500503,yes
667,Mean Demeanor,Run The Jewels,150,3B,68,24/03/2021,03:01,0,hip hop,Mean Demeanor,29/09/2017,68,0,1,52,0,30,-8,C♯/D♭ Major,4,0KDTWyOfhVNSHyctLmiQC3,QZ6AM1600035,no
668,&Run,Sir Sly,92,7B,66,24/03/2021,03:46,61,,"Don't You Worry, Honey",30/06/2017,76,2,0,48,0,10,-8,F Major,4,0w4m3Xp4svlIoyL94Zjlyd,USUM71704895,no
669,Star Roving,Slowdive,144,11B,93,24/03/2021,05:38,0,"shoegaze, dream pop, slowcore",Slowdive,05/05/2017,33,7,73,40,0,20,-5,A Major,4,6oeABvJGU7Oztzd3CiSv0l,USJ5G1713202,no
670,"Best Friend (feat. NERVO, The Knocks & ALISA UENO)","SOFI TUKKER,NERVO,The Knocks,ALISA UENO",102,1B,70,24/03/2021,03:04,46,"nu disco, ","Best Friend (feat. NERVO, The Knocks & ALISA UENO)",12/09/2017,70,1,8,30,0,10,-6,B Major,4,1Cicn7ce1xoVlq8gthE2eX,QM37X1700011,yes
671,Something For Your M.I.N.D.,Superorganism,140,10B,54,24/03/2021,02:45,50,art pop,Something For Your M.I.N.D.,05/09/2017,70,13,0,66,10,20,-4,D Major,4,47wq2z7KMHDRnoSMdZODUA,GBCEL1700514,no
672,Jungle (Radio Edit),Tash Sultana,146,12A,72,24/03/2021,03:57,0,,Jungle (Radio Edit),19/12/2016,54,18,0,54,0,10,-6,C♯/D♭ Minor,4,5GI8QlM6RlyZjegB9CFk7U,AUBEC1601225,no
673,Ça Va Pas La Tête?,Témé Tan,108,11B,72,24/03/2021,02:59,0,,Ça Va Pas La Tête?,13/01/2017,78,17,1,92,0,10,-7,A Major,4,0xvIE1dBdy1xvlCQbZE8jF,BECE31600101,no
674,Stay With Me,The Amazons,147,11B,85,24/03/2021,03:14,24,,The Amazons,26/05/2017,26,0,0,46,0,0,-3,A Major,4,1snlNJpIEuYHP8NoWpnFtL,GBUM71604650,no
675,The System Only Dreams in Total Darkness,The National,110,5A,91,24/03/2021,03:56,0,indie rock,The System Only Dreams in Total Darkness,11/05/2017,60,16,79,37,20,50,-7,C Minor,4,5t8OscU60DLybml2sjwhri,GBAFL1700209,no
676,Holding On,The War On Drugs,150,2B,94,24/03/2021,05:50,57,indie rock,A Deeper Understanding,25/08/2017,44,0,1,69,0,0,-5,F#/G♭ Major,4,2h5CXy8Pme1lTY3CUAEI1i,USAT21701230,no
677,Dangerous,The xx,120,4B,71,24/03/2021,04:10,0,,I See You,13/01/2017,77,0,0,56,0,20,-6,G#/A♭ Major,4,33B2QbtAj8mbDpwvGTOnBt,UK7MC1600067,no
678,Found What I've Been Looking For,Tom Grennan,107,2A,83,24/03/2021,03:12,51,,Found What I've Been Looking For - EP,04/08/2017,63,3,0,79,0,0,-5,D#/E♭ Minor,4,4Hn5Jhz7OAdfTqrKZzN0tf,GBARL1700807,no
679,Sisyphus,Toothless,170,12A,95,24/03/2021,03:25,0,,The Pace Of The Passing,27/01/2017,46,13,46,70,0,10,-6,C♯/D♭ Minor,4,0xK68aQULUmXa0DIW0lU13,GBUM71605945,no
680,Deflect the Light,"Vessels,The Flaming Lips",132,1A,91,24/03/2021,04:09,0,"post-rock, math rock, neo-psychedelic",Deflect the Light,28/06/2017,56,0,6,22,0,10,-6,G#/A♭ Minor,4,4a8y6wB9sqmEf5ATELhG2H,GBENL1701981,no
681,Get Lost,Washed Out,114,8A,96,24/03/2021,04:04,0,"chillwave, dream pop",Mister Mellow,30/06/2017,59,3,5,74,0,70,-4,A Minor,4,43oqreNqMx3mvjL9x6u7II,US2S71787010,no
682,Fuego,Bomba Estéreo,100,9A,82,24/03/2021,04:38,41,"latin alternative, electrocumbia",Blow Up,05/10/2009,77,5,0,16,0,0,-6,E Minor,4,5g4ysKgg6wXnolLqkL3J1S,US66W0901435,no
683,Move,ChocQuibTown,100,3B,83,24/03/2021,03:44,11,"salsa choke, colombian pop, latin alternative",Oro,02/03/2010,90,4,0,92,20,10,-5,C♯/D♭ Major,4,0LSOwh1WlVY7bSpeLFM8Fg,US66W0901759,no
684,Caxambu,Karol Conká,130,10A,82,24/03/2021,02:55,21,"brazilian pop, brazilian hip hop",Batuk Freak (Instrumentals),2013-00-00,79,21,89,4,0,10,-8,B Minor,4,5qadNHtHJMEH6Nn061W90f,GBCLQ1300024,no
685,Deela Ding,Leo Justi,128,3B,87,24/03/2021,03:16,0,brazilian funk,Vira a Cara,22/07/2015,65,0,0,57,10,30,-6,C♯/D♭ Major,4,0ueulvkzOC42IJDSNkrxXH,GBKPL1514248,no
686,11 Acre,Mondo Cozmo,126,9A,97,24/03/2021,03:17,34,,Plastic Soul,04/08/2017,47,0,5,18,10,20,-2,E Minor,4,4J97CmLk4uoyzW0p6LE4Zl,USUM71705328,no
687,Feels Like Summer,Weezer,176,1B,94,24/03/2021,03:15,36,alternative rock,Feels Like Summer,16/03/2017,47,1,0,70,10,80,-2,B Major,4,6tNQw4RAj7oYogHXVzKJg8,USAT21700603,no
688,Yo Voy Ganao,Systema Solar,124,4B,95,24/03/2021,05:23,0,"electrocumbia, champeta, latin alternative",Systema Solar,11/03/2016,71,0,0,75,0,20,-6,G#/A♭ Major,4,6Z5huUpfZNcYmNUiMuq8q8,US7VG1331449,no
689,Beautiful People,Andreya Triana,141,3B,92,24/03/2021,02:29,39,,Woman,20/11/2018,50,7,0,97,10,0,-4,C♯/D♭ Major,4,3GgxTDAPrcqAMmHyr7LptK,UKHNU1800007,no
690,Island Life,Atomic Drum Assembly,166,3B,92,24/03/2021,03:25,0,,Atomic Drum Assembly,16/07/2018,54,0,22,33,0,30,-5,C♯/D♭ Major,4,5EJkHU29YO57aBg3JFeQuI,UKHAV1800004,no
691,Big Dreams,Bakar,180,10A,89,24/03/2021,02:33,0,,Badkid,22/05/2018,64,0,0,53,0,0,-6,B Minor,4,0I6rPjtBatbnqWzqvQhvp4,TCACW1763006,no
692,Jackie Chan,"Bantu,Dr. Chaii",108,6A,54,24/03/2021,03:01,47,"afro house, amapiano, afrobeats",Jackie Chan,15/06/2018,96,25,0,62,10,0,-8,G Minor,4,4yoVysVzKbW0da1sayGpWp,US23A1500862,no
693,Tribe (with J. Cole),"Bas,J. Cole",179,9B,58,24/03/2021,03:58,0,rap,Tribe (with J. Cole),22/08/2018,76,22,0,26,20,10,-6,G Major,4,0VzldL0pI15T00mdRcvCPt,USUM71811081,no
694,Take It Easy (feat. U.S. Girls & Ledinsky),"BC Unidos,U.S. Girls,Ledinsky",115,11B,88,24/03/2021,03:13,36,"art pop, ",Take It Easy (feat. U.S. Girls & Ledinsky),09/03/2018,50,2,0,32,0,30,-5,A Major,4,3zCzgXPK3fRiVqpWYoINyG,SEBGA1800294,no
695,It's Not This,"Bearson,Lemaitre,josh pan",78,7A,41,24/03/2021,03:10,54,"norwegian pop, ",It's Not This,21/09/2018,83,46,0,56,0,0,-5,D Minor,4,12ZC7GrMQNo6xXJdN89d8P,USUS11800258,no
696,you should see me in a crown,Billie Eilish,75,12A,55,24/03/2021,03:00,0,,you should see me in a crown,18/07/2018,70,48,13,28,20,10,-10,C♯/D♭ Minor,4,6vsV4D8BM6PioRr1UOx0n2,USUM71810049,no
697,Heaven Only Knows,Bob Moses,107,2B,55,24/03/2021,04:22,0,,Back Down,26/07/2018,56,0,0,8,0,30,-6,F#/G♭ Major,4,0HQVh6bWPXDgp0CYpee6ID,GBCEL1800283,no
698,Peach,BROODS,111,7B,74,24/03/2021,04:15,0,,Peach,08/08/2018,69,1,0,24,0,20,-5,F Major,4,35cr60GvlqBVchNX7fBqyo,USAT21810518,no
699,Ordinary People (feat. JP Cooper),"Bugzy Malone,JP Cooper",143,10A,80,24/03/2021,04:30,53,"grime, uk grime, uk drill, drill, ",B. Inspired,17/08/2018,47,24,0,41,20,0,-7,B Minor,4,5YmmqeU1a7KsNzvbj4aCGS,UKJM21800014,yes
700,Feels Like Summer,Childish Gambino,166,9B,60,24/03/2021,04:57,80,,Summer Pack,11/07/2018,55,16,0,25,10,0,-8,G Major,4,7p4vHnYXkxlzvfePJVpcTr,USRC11802773,no
701,Out the Window,Confidence Man,105,6B,77,24/03/2021,04:25,0,,Confident Music for Confident People,13/04/2018,64,0,0,52,0,30,-8,A#/B♭ Major,4,19AHHlLPUWdDC6xG9d6WQU,AUZEI1700011,no
702,City Looks Pretty,Courtney Barnett,128,10B,78,24/03/2021,04:41,0,,Tell Me How You Really Feel,18/05/2018,31,1,0,19,0,10,-7,D Major,4,19nUjmaqEhWvOtKk72NXGC,GBX721700210,no
703,Another Level,Crystal Fighters,96,7B,81,24/03/2021,03:06,36,,Another Level,20/09/2018,61,1,0,81,10,70,-7,F Major,4,01gdZsRoaxG5cCZ6ivGcBd,GBAHT1800521,no
704,Gold Rush,Death Cab for Cutie,80,7B,97,24/03/2021,04:00,36,,Gold Rush,13/06/2018,52,27,0,74,0,20,-4,F Major,4,4rX47mBU230P9Egkd1ICnN,USAT21802563,no
705,Pockets,hard life,93,12A,59,24/03/2021,03:28,0,,Pockets,09/11/2017,63,26,0,49,0,10,-7,C♯/D♭ Minor,4,3minGt3vPFVTiobgjlh5on,GBGCA1700391,no
706,Habibi,Ghali,112,10A,71,24/03/2021,03:04,0,italian trap,Album,26/05/2017,65,14,0,52,10,10,-7,B Minor,4,1lwpe8mLgHhytakM7m6R3W,IT4U11700012,yes
707,Losing You - Baio Remix,"Gizmo Varillas,Baio",118,9B,93,24/03/2021,05:35,32,,Losing You (Baio Remix),06/04/2018,73,20,85,73,0,60,-5,G Major,4,77AZGHtsg2byhvloBbpPSx,UKEVU1800018,no
708,Sorcererz,Gorillaz,84,8A,87,24/03/2021,03:00,52,,The Now Now,29/06/2018,58,2,93,82,0,10,-7,A Minor,3,0IJK096XrKQd14Q6fNqW0e,GBAYE1800411,no
709,Everytime I Run,"Husky Loops,MEI,Count Counsellor",81,8B,54,24/03/2021,02:33,0,,Everytime I Run,26/09/2018,42,5,0,61,10,50,-7,C Major,4,4plemE0R4nlluGCCrTv5fO,QM6MZ1821803,no
710,Love Ain't Enough,Jacob Banks,80,10B,81,24/03/2021,02:55,0,,Love Ain't Enough,28/09/2018,58,6,2,63,10,10,-5,D Major,4,2al1fEgjLT67Un7rKxfqcg,USUM71708186,no
711,Beat 54 (All Good Now),Jungle,106,10B,70,24/03/2021,04:06,0,,Beat 54 (All Good Now),11/09/2018,65,52,1,51,0,10,-6,D Major,4,4mYZx5bj6y9LgaTu2g5lbm,GBBKS1800099,no
712,Water (with Mahalia),"Kojey Radical,Mahalia,Swindle",140,4A,57,24/03/2021,03:27,44,"alté, uk r&b, alternative r&b, grime",Water,10/05/2018,68,29,0,64,30,20,-4,F Minor,4,6I15UB0IPWQhJNJEPQ1gLE,QM4TW1876302,yes
713,Porro Maracatu - Toy Selectah Remix,"LADAMA,Toy Selectah",115,10A,87,24/03/2021,03:01,30,"electrocumbia, moombahton, cumbia sonidera",Porro Maracatu (Toy Selectah Remix),11/05/2018,78,11,3,71,0,0,-6,B Minor,4,1drnVjXefDo5xx56Pt6tfu,US6DR1802626,no
714,Pa'lante,"Lao Ra,Happy Colors",103,3B,83,24/03/2021,03:08,39,moombahton,Pa'lante,28/09/2018,60,0,1,36,0,10,-7,C♯/D♭ Major,4,5QfCF1pZIwOndS93pytub5,GBARL1801035,no
715,Warm It Up,"Logic,Young Sinatra",96,3A,65,24/03/2021,04:00,29,,Bobby Tarantino II,09/03/2018,84,30,0,42,10,0,-6,A#/B♭ Minor,4,0VagO3n7TzWAZZ4d0ici9o,USUM71802816,no
716,Genius,"Sia,Diplo,Labrinth,LSD",159,10A,62,24/03/2021,03:33,1,"moombahton, dance pop",Genius,03/05/2018,62,9,0,57,10,10,-5,B Minor,4,73F87Sqh6jQWucOOvz1WFx,USQX91800798,no
717,Violet City,Mansionair,162,2A,78,24/03/2021,03:33,0,,Violet City,05/04/2018,60,6,14,43,0,20,-7,D#/E♭ Minor,4,1irXmwdCbngOtucJNd5mSl,USYAH1700239,no
718,Consistent,No/Me,76,4A,61,24/03/2021,03:02,37,,Consistent,07/09/2018,53,1,0,34,0,10,-5,F Minor,4,5T1aes2aQ6doXVLDdbp9fw,USUM71813500,yes
719,Drama (feat. Big Data),"NoMBe,Big Data",99,7B,78,24/03/2021,03:38,0,,Drama (feat. Big Data),22/02/2018,64,10,0,49,0,50,-7,F Major,4,0N6vS1UdWM6mIEcJYyjCr4,TCADL1865226,no
720,Tom & Jerry,Ocean Wisdom,99,10B,65,24/03/2021,03:26,45,"grime, uk grime",Wizville,23/02/2018,63,10,0,48,30,0,-11,D Major,4,2GJf6PG3GmwwqwWVKIK5B0,GB6ZW1800012,yes
721,Lightning,Octavian,130,1B,53,24/03/2021,03:55,39,"grime, uk grime, afroswing",SPACEMAN,10/09/2018,71,1,1,4,0,10,-12,B Major,4,16o7CLWIzn2Gk73exzGdjC,GBARL1801188,yes
722,It Makes You Forget (Itgehane),Peggy Gou,125,8B,92,24/03/2021,06:35,47,,It Makes You Forget (Itgehane),23/01/2018,80,2,58,58,0,0,-10,C Major,4,6GRos6Klc30XItsQtGUcak,GBCFB1700575,no
723,Play God,Sam Fender,94,3A,68,24/03/2021,03:46,45,,Play God,31/05/2017,70,13,5,61,0,10,-7,A#/B♭ Minor,4,022k1qYIMWV20yW7tjiBv5,GBKPL1778702,no
724,Truth Is,Stealth,98,3B,73,24/03/2021,03:08,35,,Truth Is,07/09/2018,61,7,0,55,0,0,-4,C♯/D♭ Major,4,1KM4GRPc9GWCF5O7JbDvqN,USUS11800253,no
725,Where No One Knows Your Name,Stereo Honey,138,5A,54,24/03/2021,04:01,0,,Where No One Knows Your Name,27/01/2017,47,33,1,11,0,10,-8,C Minor,4,0TBZMn197DSbitUi0DhSd0,GBLFP1705969,no
726,Blue Light,SUN SILVA,147,9A,61,24/03/2021,03:42,0,,Blue Light,03/09/2018,51,1,9,38,0,10,-11,E Minor,4,4KDunhuHObIb7pVYRNC2OH,UKQD41800001,no
727,"Good to Be Home (feat. Tom Misch, Loyle Carner & Rebel Kleff)","Barney Artist,Tom Misch,Loyle Carner,Rebel Kleff",96,3A,69,24/03/2021,04:23,0,"indie soul, jazz rap","Good to Be Home (feat. Tom Misch, Loyle Carner & Rebel Kleff)",03/10/2018,89,30,0,61,0,0,-5,A#/B♭ Minor,4,2Sh3g3NaqkD23mZ6Ugfrsq,GBKPL1825438,no
728,Sway,Tove Styrke,120,4B,69,24/03/2021,03:30,0,swedish pop,Sway,04/05/2018,76,21,0,53,0,20,-5,G#/A♭ Major,4,0XbKGn5HyewE94iODzPmLW,SEBGA1800766,no
729,"1,000 Opera Singers Working in Starbucks - Radio Edit",Voka Gentle,144,10B,81,24/03/2021,03:32,38,,"1,000 Opera Singers Working in Starbucks (Radio Edit)",21/09/2018,33,7,0,43,0,20,-6,D Major,4,3DrwiOk2haF7tae8aB31cJ,QM6N21813745,no
730,Musika,"Yolanda Be Cool,Kwanzaa Posse",123,11A,95,24/03/2021,03:30,29,,Musika,02/03/2018,65,0,16,65,0,50,-6,F#/G♭ Minor,4,1UdQnaRkaO4xgu8T3lQquE,AUDCB1701137,no
731,Border Girl,Young Fathers,106,4B,44,24/03/2021,04:01,36,experimental hip hop,Cocoa Sugar,09/03/2018,58,46,53,45,10,10,-8,G#/A♭ Major,4,5zD2LwEFI1gHhLIVPtr9jY,GBCFB1700590,no
732,Top Boy,Eyez,145,8A,83,24/03/2021,02:41,0,"grime, uk grime",Square One,16/02/2018,83,9,0,72,20,10,-7,A Minor,4,1eiADnzmtw8LXZ8ApjDaOZ,GBLFP1804999,yes
733,Que Calor,"Major Lazer,J Balvin,El Alfa",126,4B,89,24/03/2021,02:49,3,"moombahton, reggaeton, latin, dembow, urbano latino",Que Calor,13/09/2019,80,4,1,46,0,20,-4,G#/A♭ Major,4,1RKZvaLj3UPhGjZkaIrFm7,QMUY41800271,no
734,"Yo x Ti, Tu x Mi","ROSALÍA,Ozuna",92,3B,76,24/03/2021,03:21,77,"latin, reggaeton, trap latino, urbano latino","Yo x Ti, Tu x Mi",15/08/2019,78,46,0,58,20,10,-3,C♯/D♭ Major,4,7BlBVFwvbWvcwNcUarQmjk,USSM11900596,no
735,Swing,SOFI TUKKER,123,4A,72,24/03/2021,02:59,50,,Swing,12/07/2019,77,1,28,28,10,10,-5,F Minor,3,6T0PSfzdg8PE44T8PbbEmM,QM37X1900009,no
736,Vámono,Buscabulla,111,10B,73,24/03/2021,03:28,35,latin indie,Vámono,25/09/2019,67,11,37,34,0,0,-8,D Major,4,623mI2F1iCO4cqGbv6WUVn,GBCEL1900407,no
737,Fado,Milky Chance,114,5B,54,24/03/2021,04:10,0,,Fado,27/09/2019,82,20,0,59,0,10,-7,D#/E♭ Major,4,3YT3RgSGhvgormc5f7h2xi,DEVP21900004,no
738,Offence,Little Simz,117,10B,81,24/03/2021,02:48,0,,GREY Area,01/03/2019,78,7,0,58,0,30,-5,D Major,4,4cakdyTV2GRb9ktqBNMChH,GBKPL1820628,yes
739,Unemployed,Tierra Whack,154,9B,37,24/03/2021,02:48,25,alternative r&b,Unemployed,19/03/2019,88,3,0,15,70,10,-7,G Major,4,4Qz6dwfC5VRaOPBw9ZbWzM,USUM71904255,no
740,RUNAWAY,half•alive,132,5A,60,24/03/2021,02:41,0,,RUNAWAY,13/06/2019,75,0,0,59,0,0,-6,C Minor,4,6iRXOuVt9bOdGr3nohzddj,USRC11900826,no
741,Ozone,JyellowL,125,8A,73,24/03/2021,03:17,0,afroswing,Ozone,03/05/2019,82,23,0,66,10,0,-8,A Minor,4,6mOHAShVtqwJIBRAd7Xa4l,usdy41930383,yes
742,Frens,Obongjayar,116,3B,80,24/03/2021,03:18,34,alté,Frens,14/03/2019,76,2,0,47,0,20,-7,C♯/D♭ Major,4,15FfKpV7MURQncDusPvqwM,QM4TX1928148,no
743,Highway,Suzi Wu,110,11A,56,24/03/2021,03:18,36,,Error 404,22/03/2019,81,0,5,25,0,0,-6,F#/G♭ Minor,4,0Pauzv94n1YslWEd32WNa9,USUG11802400,no
744,Come Down,APRE,176,9B,87,24/03/2021,04:05,0,,Come Down,30/04/2019,44,2,0,47,0,10,-3,G Major,4,7GowTlbUkBQYGUbZdjBvfm,GBUM71901594,no
745,Feel The Vibe,"BJ The Chicago Kid,Anderson .Paak",87,7A,80,24/03/2021,04:00,48,,1123,26/07/2019,63,19,0,86,0,60,-7,D Minor,4,3KapR70eIR6Zm3kJfG4oB3,USUM71818743,yes
746,Erase,Cautious Clay,155,8A,64,24/03/2021,02:24,0,,Erase,13/09/2019,67,37,0,47,0,10,-9,A Minor,4,3B5iO2B4HxZDXfmIGrQq9z,QM7281912090,yes
747,Before The Moment's Gone,Child Of The Parish,100,3A,88,24/03/2021,04:01,32,,Before The Moment's Gone,13/09/2019,51,0,64,77,0,0,-5,A#/B♭ Minor,4,2XgmS25Rf94SzaeTzTjbs9,QM24S1924776,no
748,Oh My God!,Colouring,97,6A,69,24/03/2021,03:31,36,,Oh My God!,13/09/2019,58,44,0,58,10,40,-6,G Minor,4,3kYU2mgmczX8T8pXoYl5XP,USUM71912305,no
749,Wild West,Dennis Lloyd,108,6A,80,24/03/2021,02:44,47,,Wild West,13/09/2019,85,4,0,56,0,0,-5,G Minor,4,3UqQUExRt3YlS4PNo5Thtq,USQX91901892,yes
750,Phone Numbers,"Dominic Fike,Kenny Beats",85,12A,54,24/03/2021,02:26,76,,Phone Numbers,04/07/2019,88,24,0,78,20,0,-6,C♯/D♭ Minor,4,3f9Mzvd3URfbbIJBX4pz9Z,USQX91901664,yes
751,She Don't Dance,Everyone You Know,110,10A,88,24/03/2021,03:46,55,,She Don't Dance,19/07/2019,72,2,0,10,0,50,-5,B Minor,4,4XOc8gjhKl7FvdD4CHBYIy,GBARL1900443,no
752,Glu,Fieh,129,4A,44,24/03/2021,03:56,34,,Glu,13/09/2019,77,5,16,67,10,10,-8,F Minor,4,0ti69hiX6lZKuPSvWGh7bK,GBUM71902628,no
753,The Runner,Foals,104,7A,95,24/03/2021,04:21,0,indie,The Runner,05/09/2019,51,1,0,47,0,10,-3,D Minor,4,0AWYvdcS6N463VlsbrzijH,GBAHT1900653,no
754,Go Wild,Friedberg,91,9B,87,24/03/2021,03:17,0,german indie,Go Wild,07/06/2019,68,8,0,77,0,10,-8,G Major,4,0H39cYgfekuFluOgGPUicR,UKD8Z1800023,no
755,Zulu Screams (feat. Maleek Berry & Bibi Bourelly),"GoldLink,Bibi Bourelly,Maleek Berry",126,11A,94,24/03/2021,02:57,44,"afrobeats, afrobeat, afropop, afroswing, azonto, dancehall",Diaspora,12/06/2019,75,17,1,70,10,10,-6,F#/G♭ Minor,4,3wppK77a5W7pED0ChAeP4s,USRC11901074,no
756,Positive,Hot Chip,116,9B,70,24/03/2021,05:37,35,"alternative dance, new rave, indie dance",A Bath Full of Ecstasy,21/06/2019,61,1,7,7,0,0,-9,G Major,4,31DKOjIs3TJbEciiGom3pV,GBCEL1900026,no
757,He,Jai Paul,95,1B,44,24/03/2021,04:28,0,,Do You Love Her Now / He,02/06/2019,74,51,1,47,0,30,-11,B Major,4,6ysRK6One7O5GiRVvrs0x1,GBBKS1900018,no
758,Hearts Will Bleed,Janice,96,4A,56,24/03/2021,02:47,0,,Hearts Will Bleed,17/05/2019,74,22,0,66,20,10,-4,F Minor,4,5OLtfHu6jyUHuLNto6gSRb,SE2XW1900301,no
759,Stretch It,JB Scofield,150,6A,75,24/03/2021,03:08,42,"grime, uk grime, uk drill, drill",Stretch It,03/06/2019,84,18,0,61,30,10,-7,G Minor,4,21CryXZYjEyDO6hWq6X9rj,GBAYE1900566,no
760,Why Did You Run?,Judah & the Lion,206,3B,74,24/03/2021,03:53,0,"folk pop, christian folk",Why Did You Run?,04/03/2019,38,7,0,47,0,0,-5,C♯/D♭ Major,4,3IMh0b6bFDuFNB7F0E0A9h,QMGSG1800007,no
761,Last Night,"Kamakaze,Massappeals,Morgan Munroe",134,5A,83,24/03/2021,03:37,0,"grime, uk grime, edm trap, bassline, uk garage",Last Night,04/01/2019,79,24,0,41,0,10,-3,C Minor,4,1quOpvVxpbFGpQAgCVYZ57,GBMA21854027,yes
762,Awa Ni,"The Knocks,Kah-Lo",119,12A,82,24/03/2021,03:39,44,"nu disco, ",Awa Ni,21/06/2019,67,4,0,43,10,30,-6,C♯/D♭ Minor,4,4ob71GMH7PAokRzPhejagR,USAT21903166,no
763,Where Do I Begin,Kojey Radical,91,1A,70,24/03/2021,01:59,31,alté,Cashmere Tears,13/09/2019,76,1,0,65,40,20,-8,G#/A♭ Minor,4,50I4xwBtoGcEqfJalklHDu,GBAHS1901009,no
764,Angel,"Loyle Carner,Tom Misch",97,10A,60,24/03/2021,04:43,53,"jazz rap, indie soul","Not Waving, But Drowning",19/04/2019,80,15,1,28,20,10,-7,B Minor,4,4pjcxC0qgXWZWmcBjzn1az,GBUM71900077,yes
765,Big Girls,Masego,114,2B,46,24/03/2021,03:08,0,,Big Girls,09/09/2019,82,15,12,25,20,10,-12,F#/G♭ Major,4,0VEJDwMO26qNitqyDb47I0,QZD5H1800101,no
766,Save Me,MNDR,119,5B,90,24/03/2021,03:20,0,,Save Me,12/09/2019,71,3,0,57,10,20,-3,D#/E♭ Major,4,1W8cClu9GyC4ScZ6SeW9eD,QMYPL1103501,no
767,Where & When,"P Money,Giggs",140,7B,81,24/03/2021,03:22,45,"grime, uk grime, drum and bass, bassline, uk drill",Where & When,09/05/2019,91,3,0,62,20,0,-5,F Major,4,7atqoWGFaIHMj02zn3XQcW,QM6MZ1979290,yes
768,Funsize,Pixx,100,10B,40,24/03/2021,03:54,0,,Small Mercies,07/06/2019,73,10,0,14,0,10,-9,D Major,4,1b2QhXphgrdJFLGRWp3Ooo,GBAFL1800391,no
769,OMG,Sampa the Great,127,8B,89,24/03/2021,02:34,30,,OMG,10/07/2019,90,3,0,73,10,0,-6,C Major,4,223AWrYBuPJwm3oy9phMiS,GBCFB1900127,no
770,Same Old Story,Skepta,135,1B,71,24/03/2021,03:20,57,"grime, uk grime",Ignorance is Bliss,31/05/2019,88,9,0,85,10,10,-6,B Major,4,6kh17zXl4MM4AzSeJP02hB,QM6MZ1960812,yes
771,Favourites (feat. Little Simz),"THE S.L.P.,Little Simz",102,11A,88,24/03/2021,03:53,14,"alternative dance, ",Favourites (feat. Little Simz),14/05/2019,67,8,0,80,20,10,-4,F#/G♭ Minor,4,1znNmUVNzQ74GULy5cJa6f,GBARL1900558,yes
772,The Cracks,Another Sky,110,9A,72,24/03/2021,03:47,33,,The Cracks,15/04/2019,52,5,12,43,0,10,-8,E Minor,3,75qz22jgedx8v2M8iDsd8N,GBUM71901106,no
773,Morrow,070 Shake,100,8B,67,24/03/2021,04:06,53,,Modus Vivendi,17/01/2020,74,6,2,19,0,10,-7,C Major,4,3sIoWQZbJqUKj5iELz8eTA,USUM71905781,yes
774,MICE,Aitch,106,4B,54,24/03/2021,02:56,0,"grime, uk grime, uk drill, drill",MICE,19/02/2020,84,27,0,78,40,0,-6,G#/A♭ Major,4,7CT7P8PxTxM4rI0AvsEKjW,GB2DY2000044,yes
775,Wish I Was Younger,Alfie Templeman,139,4B,88,24/03/2021,02:07,0,,Happiness in Liquid Form,17/07/2020,68,4,3,90,0,10,-4,G#/A♭ Major,4,551RN9rptFQ5xp86tTpGFs,GBKPL2005449,no
776,Me Gusta (with Cardi B & Myke Towers),"Anitta,Myke Towers,Cardi B",110,11A,60,24/03/2021,03:00,56,"brazilian pop, funk pop, brazilian funk, funk carioca, reggaeton, trap latino, urbano latino, ",Me Gusta (with Cardi B & Myke Towers),18/09/2020,91,45,0,81,0,0,-4,F#/G♭ Minor,4,7e1VoRlNumuEkXlITMHKLE,USWB12000287,no
777,Don't Turn Around,Biig Piig,97,1A,72,24/03/2021,02:51,0,,Don't Turn Around,21/07/2020,78,6,1,75,10,0,-6,G#/A♭ Minor,4,6FzZMJGhI5JA5nDVM87s5w,GBARL2000688,no
778,Unity,Buju Banton,132,11A,82,24/03/2021,03:45,30,"reggae, dancehall, ragga, lovers rock, roots reggae, soca",Upside Down 2020,26/06/2020,50,47,0,80,10,20,-6,F#/G♭ Minor,4,1esh3jY1P6pJMyXAKLDaIY,QMJMT2002900,no
779,Aloha,"Carlos Sadness,Bomba Estéreo",132,8B,90,24/03/2021,03:07,46,"latin indie, latin alternative, electrocumbia",Aloha,21/11/2019,80,10,0,60,10,10,-6,C Major,4,0GARcbxLIOmzrs0lHpuvmi,ES5021901671,no
780,Stop This Flame,Celeste,120,3A,70,24/03/2021,03:29,58,,Stop This Flame,09/01/2020,75,30,0,32,0,10,-5,A#/B♭ Minor,4,1bObrsJGW0UCIGZkvnDqbe,GBUM71906666,no
781,Sacrifice,Chløë Black,112,9A,67,24/03/2021,02:55,0,,Sacrifice,21/08/2020,71,13,0,54,0,50,-6,E Minor,4,1A4UtLUbo84Kh3Nz3i1aEc,GBKPL2015876,no
782,Cool Up,De Lux,142,11B,91,24/03/2021,04:58,0,indie dance,Cool Up,08/01/2020,58,2,2,57,10,10,-7,A Major,4,4pTi5P2JRx9SeejIV3Xudb,USD8D2070001,no
783,BUYA,Domino Saints,119,4A,66,24/03/2021,02:49,0,,BUYA,18/09/2020,60,25,0,81,10,30,-8,F Minor,4,4JzupGoZoRC5qRY9Y4vUuE,QZ7R42052905,no
784,Love Is Religion (The Blessed Madonna Remix) [Mixed],"Dua Lipa,The Blessed Madonna",123,8B,82,24/03/2021,03:29,46,"pop, ",Club Future Nostalgia (DJ Mix),28/08/2020,80,5,0,87,10,30,-7,C Major,4,3q4cfRBOyj4WqQYV9HrsUh,GBAHT2000700,no
785,Vipers,Dylan Fraser,100,9A,83,24/03/2021,03:18,31,,Vipers,14/08/2020,71,22,1,61,0,10,-4,E Minor,4,7JCPTyX71tg9ffNMB4sQA3,GBAHS2000770,yes
786,01:32 AM / WALK ALONE,"Everything Is Recorded,Infinite Coles,BERWYN",111,3A,50,24/03/2021,03:27,0,uk r&b,FRIDAY FOREVER,03/04/2020,91,21,0,73,0,30,-11,A#/B♭ Minor,4,2Iue51oaeReWOo39FYNVUg,GBBKS2000005,no
787,Scatter,Fireboy DML,120,10A,80,24/03/2021,02:44,54,"afrobeats, afrobeat, afropop, afro r&b, afropiano, afroswing, afro soul","Laughter, Tears & Goosebumps",28/11/2019,73,4,7,59,20,30,-7,B Minor,4,0s3ZpsAaVCbWxDhLq2B2wh,USUYG1281972,no
788,Heat Waves,Glass Animals,81,1B,53,24/03/2021,03:58,91,,Dreamland,07/08/2020,76,44,0,53,0,0,-7,B Major,4,3USxtqRwSYz57Ewm6wWRMp,GBUM72000433,no
789,ErruDumEllaHvad,ICEKIID,104,1A,71,24/03/2021,02:28,54,"dansk rap, dansk pop, dansktop",ErruDumEllaHvad,12/06/2020,92,28,0,73,20,20,-6,G#/A♭ Minor,4,5qaaQp6KvkEdB2q7SKQAcJ,DKADG2000433,yes
790,Does It Make You Feel Good?,Joesef,120,3B,73,24/03/2021,03:03,0,,Does It Make You Feel Good?,06/10/2020,63,18,0,83,0,30,-9,C♯/D♭ Major,4,4ELXniqcm1QKYoJpFPE5eO,GBKPL2021192,yes
791,Ticket To Ride,KAWALA,160,11B,78,24/03/2021,03:02,56,,Ticket To Ride,12/06/2020,57,28,0,75,0,30,-6,A Major,4,4AGjD3R8ch6JmvDLAwFw7P,GBUM72002246,no
792,Beginning,LA Priest,110,4B,51,24/03/2021,04:06,37,,GENE,05/06/2020,90,64,0,97,0,0,-7,G#/A♭ Major,4,6Al18bAYlwaiGFp1F5wlih,GBCEL1900351,no
793,Manos Arriba,La Vida Bohème,133,11B,83,24/03/2021,03:37,0,"latin alternative, latin indie, latin rock",Manos Arriba,19/03/2021,69,0,1,76,0,30,-7,A Major,4,6WUzR4CtkXa6qGbS6mszNt,GBLFP2041442,no
794,MIGHT DELETE LATER,LARRY PINK THE HUMAN,121,12B,66,24/03/2021,03:48,38,,MIGHT DELETE LATER,28/05/2020,66,0,0,63,0,10,-7,E Major,4,7FBGO7sUnXfRoTdnLxiRlw,QM6MZ2093674,no
795,been a minute,Leyma,108,10A,62,24/03/2021,03:04,0,,been a minute,01/07/2020,68,29,0,75,0,0,-6,B Minor,4,5hIErj1qa72aXt578zIsEk,GBKPL2010671,yes
796,Big Love (with EARTHGANG & MNDR),"Louis The Child,EARTHGANG,MNDR",87,4B,75,24/03/2021,02:47,47,,Here For Now,26/06/2020,67,0,0,37,10,10,-3,G#/A♭ Major,4,25Q6XHjKEyaXzCvKlwDpPP,USUM72009940,no
797,Don't Let The Light In,Low Island,125,4A,70,24/03/2021,02:58,0,,Don't Let The Light In,08/10/2020,76,24,0,80,0,10,-8,F Minor,4,18Uh3kpGqThiJuAmc1RL9I,GBKPL2018082,no
798,Bad Habits,Madame Gandhi,99,2B,87,24/03/2021,03:47,33,,Bad Habits,12/10/2018,76,0,4,59,0,0,-4,F#/G♭ Major,4,4paOi2D1A1pS5bPugSfUg7,QM24S1836038,no
799,Good Energy,Mike Sabath,108,11B,87,24/03/2021,03:40,40,,Good Energy,25/09/2020,66,1,0,40,0,10,-5,A Major,4,4FvLJcQLTmFEAViriSeivB,USWB12003352,no
800,Water,Naïka,120,10A,69,24/03/2021,01:52,0,"kompa, zouk",Water,09/10/2020,85,6,0,95,0,0,-6,B Minor,4,6BiDHHaky7B7TaxMsY897N,GBKPL2023456,no
801,Who Asked You,Nia Wyn,77,11A,74,24/03/2021,03:42,0,"retro soul, jazz rap, uk r&b",Who Asked You,10/04/2020,48,36,0,76,30,20,-8,F#/G♭ Minor,4,0TbJY1cAQi1qVrVgsdKbRz,TCAES2068080,yes
802,Work It Out,Nnena,123,3B,86,24/03/2021,02:39,0,,Work It Out,26/02/2020,88,3,0,85,30,0,-6,C♯/D♭ Major,4,5IIcEUpbaiYjhiHkOffEiU,QZHTD2000008,yes
803,Switched Up,Oliver Malcolm,110,12A,69,24/03/2021,02:26,0,,Switched Up,20/02/2020,72,3,0,43,0,0,-5,C♯/D♭ Minor,4,2qtJUSJmPz5mkVhFHrtCd7,USUM72002829,yes
804,Apple Juice,Oscar Lang,170,8B,87,24/03/2021,03:17,0,bedroom pop,Apple Juice,10/07/2020,44,0,0,71,0,10,-6,C Major,4,4yyFQvhFzwehcd4rNww13N,GBK3W2001379,no
805,Like this,박혜진 Park Hye Jin,125,10B,54,24/03/2021,04:05,0,lo-fi house,Like this,19/05/2020,70,16,91,18,0,0,-11,D Major,4,69m0nk21Qs3xPCb99FHEpY,GBCFB2000212,no
806,Citizen X,Peel,138,6B,87,24/03/2021,03:19,0,,Citizen X,05/10/2020,45,0,31,9,0,10,-5,A#/B♭ Major,4,4cpzEF1s3aIafF97VTKjLa,USD8D2081005,no
807,Good Love 2.0,Priya Ragu,106,10A,57,24/03/2021,02:54,41,,Good Love 2.0,01/10/2020,78,5,0,52,0,40,-5,B Minor,4,0xErrzRegFIsekcvQ5wsS0,GBAHT2000829,no
808,Trouble’s Coming,Royal Blood,112,12A,69,24/03/2021,03:48,51,"garage rock, rock",Trouble’s Coming,24/09/2020,78,5,0,81,0,30,-5,C♯/D♭ Minor,4,5eR6OS3joTAHJToyzehKfu,GBAHT2000193,no
809,Etcetera,"Steam Down,Afronaut Zu",97,9A,79,24/03/2021,04:39,35,drum and bass,Etcetera,31/07/2020,69,0,4,28,0,10,-10,E Minor,4,3yDVPtfr96s8koUUrGaoav,GBUM72001900,no
810,Window,Still Woozy,91,9A,48,24/03/2021,02:19,56,bedroom pop,Window,17/04/2020,71,44,0,67,20,20,-9,E Minor,4,3hARuUtzTdUuWH1KiLJlSf,USUG12001158,no
811,Is It True,Tame Impala,118,8B,66,24/03/2021,03:59,80,"neo-psychedelic, indie",The Slow Rush,14/02/2020,73,0,35,66,0,10,-5,C Major,4,6RZmhpvukfyeSURhf4kZ0d,AUUM71900933,no
812,no14 - feat. Dani Faiv,"thasup,Dani Faiv",90,3A,69,24/03/2021,02:56,48,italian trap,23 6451,15/11/2019,62,21,0,64,10,10,-8,A#/B♭ Minor,4,7KksdXBhdufqWDxGxyt4I7,ITB001900535,yes
813,That’s All It Is,The Snuts,103,7B,97,24/03/2021,02:24,37,indie,That’s All It Is,27/09/2020,66,1,0,66,0,0,-3,F Major,4,57k9GKhj6uofn7CiItbEYI,GBAYE2000886,no
814,No Es Mi Culpa,"Trooko,Diogo Piçarra",128,6B,87,24/03/2021,04:53,31,portuguese hip hop,No Es Mi Culpa,09/10/2020,69,2,3,24,0,0,-6,A#/B♭ Major,4,2J2ge96CgXgRr8K71uPfHB,CA5KR2095258,no
815,SHADE,Zaia,80,4A,70,24/03/2021,03:06,32,,VERY ALONE,13/05/2020,85,2,0,73,10,10,-8,F Minor,4,4Gb4v7JYjVOFgzlKrpzP1T,USQX91901269,yes
816,Out the Window,Confidence Man,105,6B,77,24/03/2021,04:25,0,,Confident Music for Confident People,13/04/2018,64,0,0,52,0,30,-8,A#/B♭ Major,4,19AHHlLPUWdDC6xG9d6WQU,AUZEI1700011,no
817,City Looks Pretty,Courtney Barnett,128,10B,78,24/03/2021,04:41,0,,Tell Me How You Really Feel,18/05/2018,31,1,0,19,0,10,-7,D Major,4,19nUjmaqEhWvOtKk72NXGC,GBX721700210,no
818,Another Level,Crystal Fighters,96,7B,81,24/03/2021,03:06,36,,Another Level,20/09/2018,61,1,0,81,10,70,-7,F Major,4,01gdZsRoaxG5cCZ6ivGcBd,GBAHT1800521,no
819,Gold Rush,Death Cab for Cutie,80,7B,97,24/03/2021,04:00,36,,Gold Rush,13/06/2018,52,27,0,74,0,20,-4,F Major,4,4rX47mBU230P9Egkd1ICnN,USAT21802563,no
820,Pockets,hard life,93,12A,59,24/03/2021,03:28,0,,Pockets,09/11/2017,63,26,0,49,0,10,-7,C♯/D♭ Minor,4,3minGt3vPFVTiobgjlh5on,GBGCA1700391,no
821,Habibi,Ghali,112,10A,71,24/03/2021,03:04,0,italian trap,Album,26/05/2017,65,14,0,52,10,10,-7,B Minor,4,1lwpe8mLgHhytakM7m6R3W,IT4U11700012,yes
822,Losing You - Baio Remix,"Gizmo Varillas,Baio",118,9B,93,24/03/2021,05:35,32,,Losing You (Baio Remix),06/04/2018,73,20,85,73,0,60,-5,G Major,4,77AZGHtsg2byhvloBbpPSx,UKEVU1800018,no
823,Sorcererz,Gorillaz,84,8A,87,24/03/2021,03:00,52,,The Now Now,29/06/2018,58,2,93,82,0,10,-7,A Minor,3,0IJK096XrKQd14Q6fNqW0e,GBAYE1800411,no
824,Everytime I Run,"Husky Loops,MEI,Count Counsellor",81,8B,54,24/03/2021,02:33,0,,Everytime I Run,26/09/2018,42,5,0,61,10,50,-7,C Major,4,4plemE0R4nlluGCCrTv5fO,QM6MZ1821803,no
825,Love Ain't Enough,Jacob Banks,80,10B,81,24/03/2021,02:55,0,,Love Ain't Enough,28/09/2018,58,6,2,63,10,10,-5,D Major,4,2al1fEgjLT67Un7rKxfqcg,USUM71708186,no
826,Beat 54 (All Good Now),Jungle,106,10B,70,24/03/2021,04:06,0,,Beat 54 (All Good Now),11/09/2018,65,52,1,51,0,10,-6,D Major,4,4mYZx5bj6y9LgaTu2g5lbm,GBBKS1800099,no
827,Water (with Mahalia),"Kojey Radical,Mahalia,Swindle",140,4A,57,24/03/2021,03:27,44,"alté, uk r&b, alternative r&b, grime",Water,10/05/2018,68,29,0,64,30,20,-4,F Minor,4,6I15UB0IPWQhJNJEPQ1gLE,QM4TW1876302,yes
828,Porro Maracatu - Toy Selectah Remix,"LADAMA,Toy Selectah",115,10A,87,24/03/2021,03:01,30,"electrocumbia, moombahton, cumbia sonidera",Porro Maracatu (Toy Selectah Remix),11/05/2018,78,11,3,71,0,0,-6,B Minor,4,1drnVjXefDo5xx56Pt6tfu,US6DR1802626,no
829,Pa'lante,"Lao Ra,Happy Colors",103,3B,83,24/03/2021,03:08,39,moombahton,Pa'lante,28/09/2018,60,0,1,36,0,10,-7,C♯/D♭ Major,4,5QfCF1pZIwOndS93pytub5,GBARL1801035,no
830,Warm It Up,"Logic,Young Sinatra",96,3A,65,24/03/2021,04:00,29,,Bobby Tarantino II,09/03/2018,84,30,0,42,10,0,-6,A#/B♭ Minor,4,0VagO3n7TzWAZZ4d0ici9o,USUM71802816,no
831,Genius,"Sia,Diplo,Labrinth,LSD",159,10A,62,24/03/2021,03:33,1,"moombahton, dance pop",Genius,03/05/2018,62,9,0,57,10,10,-5,B Minor,4,73F87Sqh6jQWucOOvz1WFx,USQX91800798,no
832,Violet City,Mansionair,162,2A,78,24/03/2021,03:33,0,,Violet City,05/04/2018,60,6,14,43,0,20,-7,D#/E♭ Minor,4,1irXmwdCbngOtucJNd5mSl,USYAH1700239,no
833,Consistent,No/Me,76,4A,61,24/03/2021,03:02,37,,Consistent,07/09/2018,53,1,0,34,0,10,-5,F Minor,4,5T1aes2aQ6doXVLDdbp9fw,USUM71813500,yes
834,Drama (feat. Big Data),"NoMBe,Big Data",99,7B,78,24/03/2021,03:38,0,,Drama (feat. Big Data),22/02/2018,64,10,0,49,0,50,-7,F Major,4,0N6vS1UdWM6mIEcJYyjCr4,TCADL1865226,no
835,Tom & Jerry,Ocean Wisdom,99,10B,65,24/03/2021,03:26,45,"grime, uk grime",Wizville,23/02/2018,63,10,0,48,30,0,-11,D Major,4,2GJf6PG3GmwwqwWVKIK5B0,GB6ZW1800012,yes
836,Lightning,Octavian,130,1B,53,24/03/2021,03:55,39,"grime, uk grime, afroswing",SPACEMAN,10/09/2018,71,1,1,4,0,10,-12,B Major,4,16o7CLWIzn2Gk73exzGdjC,GBARL1801188,yes
837,It Makes You Forget (Itgehane),Peggy Gou,125,8B,92,24/03/2021,06:35,47,,It Makes You Forget (Itgehane),23/01/2018,80,2,58,58,0,0,-10,C Major,4,6GRos6Klc30XItsQtGUcak,GBCFB1700575,no
838,Play God,Sam Fender,94,3A,68,24/03/2021,03:46,45,,Play God,31/05/2017,70,13,5,61,0,10,-7,A#/B♭ Minor,4,022k1qYIMWV20yW7tjiBv5,GBKPL1778702,no
839,Truth Is,Stealth,98,3B,73,24/03/2021,03:08,35,,Truth Is,07/09/2018,61,7,0,55,0,0,-4,C♯/D♭ Major,4,1KM4GRPc9GWCF5O7JbDvqN,USUS11800253,no
840,Where No One Knows Your Name,Stereo Honey,138,5A,54,24/03/2021,04:01,0,,Where No One Knows Your Name,27/01/2017,47,33,1,11,0,10,-8,C Minor,4,0TBZMn197DSbitUi0DhSd0,GBLFP1705969,no
841,Blue Light,SUN SILVA,147,9A,61,24/03/2021,03:42,0,,Blue Light,03/09/2018,51,1,9,38,0,10,-11,E Minor,4,4KDunhuHObIb7pVYRNC2OH,UKQD41800001,no
842,"Good to Be Home (feat. Tom Misch, Loyle Carner & Rebel Kleff)","Barney Artist,Tom Misch,Loyle Carner,Rebel Kleff",96,3A,69,24/03/2021,04:23,0,"indie soul, jazz rap","Good to Be Home (feat. Tom Misch, Loyle Carner & Rebel Kleff)",03/10/2018,89,30,0,61,0,0,-5,A#/B♭ Minor,4,2Sh3g3NaqkD23mZ6Ugfrsq,GBKPL1825438,no
843,Sway,Tove Styrke,120,4B,69,24/03/2021,03:30,0,swedish pop,Sway,04/05/2018,76,21,0,53,0,20,-5,G#/A♭ Major,4,0XbKGn5HyewE94iODzPmLW,SEBGA1800766,no
844,"1,000 Opera Singers Working in Starbucks - Radio Edit",Voka Gentle,144,10B,81,24/03/2021,03:32,38,,"1,000 Opera Singers Working in Starbucks (Radio Edit)",21/09/2018,33,7,0,43,0,20,-6,D Major,4,3DrwiOk2haF7tae8aB31cJ,QM6N21813745,no
845,Musika,"Yolanda Be Cool,Kwanzaa Posse",123,11A,95,24/03/2021,03:30,29,,Musika,02/03/2018,65,0,16,65,0,50,-6,F#/G♭ Minor,4,1UdQnaRkaO4xgu8T3lQquE,AUDCB1701137,no
846,Border Girl,Young Fathers,106,4B,44,24/03/2021,04:01,36,experimental hip hop,Cocoa Sugar,09/03/2018,58,46,53,45,10,10,-8,G#/A♭ Major,4,5zD2LwEFI1gHhLIVPtr9jY,GBCFB1700590,no
847,Top Boy,Eyez,145,8A,83,24/03/2021,02:41,0,"grime, uk grime",Square One,16/02/2018,83,9,0,72,20,10,-7,A Minor,4,1eiADnzmtw8LXZ8ApjDaOZ,GBLFP1804999,yes
848,Que Calor,"Major Lazer,J Balvin,El Alfa",126,4B,89,24/03/2021,02:49,3,"moombahton, reggaeton, latin, dembow, urbano latino",Que Calor,13/09/2019,80,4,1,46,0,20,-4,G#/A♭ Major,4,1RKZvaLj3UPhGjZkaIrFm7,QMUY41800271,no
849,"Yo x Ti, Tu x Mi","ROSALÍA,Ozuna",92,3B,76,24/03/2021,03:21,77,"latin, reggaeton, trap latino, urbano latino","Yo x Ti, Tu x Mi",15/08/2019,78,46,0,58,20,10,-3,C♯/D♭ Major,4,7BlBVFwvbWvcwNcUarQmjk,USSM11900596,no
850,Swing,SOFI TUKKER,123,4A,72,24/03/2021,02:59,50,,Swing,12/07/2019,77,1,28,28,10,10,-5,F Minor,3,6T0PSfzdg8PE44T8PbbEmM,QM37X1900009,no
851,Vámono,Buscabulla,111,10B,73,24/03/2021,03:28,35,latin indie,Vámono,25/09/2019,67,11,37,34,0,0,-8,D Major,4,623mI2F1iCO4cqGbv6WUVn,GBCEL1900407,no
852,Fado,Milky Chance,114,5B,54,24/03/2021,04:10,0,,Fado,27/09/2019,82,20,0,59,0,10,-7,D#/E♭ Major,4,3YT3RgSGhvgormc5f7h2xi,DEVP21900004,no
853,Offence,Little Simz,117,10B,81,24/03/2021,02:48,0,,GREY Area,01/03/2019,78,7,0,58,0,30,-5,D Major,4,4cakdyTV2GRb9ktqBNMChH,GBKPL1820628,yes
854,Unemployed,Tierra Whack,154,9B,37,24/03/2021,02:48,25,alternative r&b,Unemployed,19/03/2019,88,3,0,15,70,10,-7,G Major,4,4Qz6dwfC5VRaOPBw9ZbWzM,USUM71904255,no
855,RUNAWAY,half•alive,132,5A,60,24/03/2021,02:41,0,,RUNAWAY,13/06/2019,75,0,0,59,0,0,-6,C Minor,4,6iRXOuVt9bOdGr3nohzddj,USRC11900826,no
856,Ozone,JyellowL,125,8A,73,24/03/2021,03:17,0,afroswing,Ozone,03/05/2019,82,23,0,66,10,0,-8,A Minor,4,6mOHAShVtqwJIBRAd7Xa4l,usdy41930383,yes
857,Frens,Obongjayar,116,3B,80,24/03/2021,03:18,34,alté,Frens,14/03/2019,76,2,0,47,0,20,-7,C♯/D♭ Major,4,15FfKpV7MURQncDusPvqwM,QM4TX1928148,no
858,Highway,Suzi Wu,110,11A,56,24/03/2021,03:18,36,,Error 404,22/03/2019,81,0,5,25,0,0,-6,F#/G♭ Minor,4,0Pauzv94n1YslWEd32WNa9,USUG11802400,no
859,Come Down,APRE,176,9B,87,24/03/2021,04:05,0,,Come Down,30/04/2019,44,2,0,47,0,10,-3,G Major,4,7GowTlbUkBQYGUbZdjBvfm,GBUM71901594,no
860,Feel The Vibe,"BJ The Chicago Kid,Anderson .Paak",87,7A,80,24/03/2021,04:00,48,,1123,26/07/2019,63,19,0,86,0,60,-7,D Minor,4,3KapR70eIR6Zm3kJfG4oB3,USUM71818743,yes
861,Erase,Cautious Clay,155,8A,64,24/03/2021,02:24,0,,Erase,13/09/2019,67,37,0,47,0,10,-9,A Minor,4,3B5iO2B4HxZDXfmIGrQq9z,QM7281912090,yes
862,Before The Moment's Gone,Child Of The Parish,100,3A,88,24/03/2021,04:01,32,,Before The Moment's Gone,13/09/2019,51,0,64,77,0,0,-5,A#/B♭ Minor,4,2XgmS25Rf94SzaeTzTjbs9,QM24S1924776,no
863,Oh My God!,Colouring,97,6A,69,24/03/2021,03:31,36,,Oh My God!,13/09/2019,58,44,0,58,10,40,-6,G Minor,4,3kYU2mgmczX8T8pXoYl5XP,USUM71912305,no
864,Wild West,Dennis Lloyd,108,6A,80,24/03/2021,02:44,47,,Wild West,13/09/2019,85,4,0,56,0,0,-5,G Minor,4,3UqQUExRt3YlS4PNo5Thtq,USQX91901892,yes
865,Phone Numbers,"Dominic Fike,Kenny Beats",85,12A,54,24/03/2021,02:26,76,,Phone Numbers,04/07/2019,88,24,0,78,20,0,-6,C♯/D♭ Minor,4,3f9Mzvd3URfbbIJBX4pz9Z,USQX91901664,yes
866,She Don't Dance,Everyone You Know,110,10A,88,24/03/2021,03:46,55,,She Don't Dance,19/07/2019,72,2,0,10,0,50,-5,B Minor,4,4XOc8gjhKl7FvdD4CHBYIy,GBARL1900443,no
867,Glu,Fieh,129,4A,44,24/03/2021,03:56,34,,Glu,13/09/2019,77,5,16,67,10,10,-8,F Minor,4,0ti69hiX6lZKuPSvWGh7bK,GBUM71902628,no
868,The Runner,Foals,104,7A,95,24/03/2021,04:21,0,indie,The Runner,05/09/2019,51,1,0,47,0,10,-3,D Minor,4,0AWYvdcS6N463VlsbrzijH,GBAHT1900653,no
869,Go Wild,Friedberg,91,9B,87,24/03/2021,03:17,0,german indie,Go Wild,07/06/2019,68,8,0,77,0,10,-8,G Major,4,0H39cYgfekuFluOgGPUicR,UKD8Z1800023,no
870,Zulu Screams (feat. Maleek Berry & Bibi Bourelly),"GoldLink,Bibi Bourelly,Maleek Berry",126,11A,94,24/03/2021,02:57,44,"afrobeats, afrobeat, afropop, afroswing, azonto, dancehall",Diaspora,12/06/2019,75,17,1,70,10,10,-6,F#/G♭ Minor,4,3wppK77a5W7pED0ChAeP4s,USRC11901074,no
871,Positive,Hot Chip,116,9B,70,24/03/2021,05:37,35,"alternative dance, new rave, indie dance",A Bath Full of Ecstasy,21/06/2019,61,1,7,7,0,0,-9,G Major,4,31DKOjIs3TJbEciiGom3pV,GBCEL1900026,no
872,He,Jai Paul,95,1B,44,24/03/2021,04:28,0,,Do You Love Her Now / He,02/06/2019,74,51,1,47,0,30,-11,B Major,4,6ysRK6One7O5GiRVvrs0x1,GBBKS1900018,no
873,Hearts Will Bleed,Janice,96,4A,56,24/03/2021,02:47,0,,Hearts Will Bleed,17/05/2019,74,22,0,66,20,10,-4,F Minor,4,5OLtfHu6jyUHuLNto6gSRb,SE2XW1900301,no
874,Stretch It,JB Scofield,150,6A,75,24/03/2021,03:08,42,"grime, uk grime, uk drill, drill",Stretch It,03/06/2019,84,18,0,61,30,10,-7,G Minor,4,21CryXZYjEyDO6hWq6X9rj,GBAYE1900566,no
875,Why Did You Run?,Judah & the Lion,206,3B,74,24/03/2021,03:53,0,"folk pop, christian folk",Why Did You Run?,04/03/2019,38,7,0,47,0,0,-5,C♯/D♭ Major,4,3IMh0b6bFDuFNB7F0E0A9h,QMGSG1800007,no
876,Last Night,"Kamakaze,Massappeals,Morgan Munroe",134,5A,83,24/03/2021,03:37,0,"grime, uk grime, edm trap, bassline, uk garage",Last Night,04/01/2019,79,24,0,41,0,10,-3,C Minor,4,1quOpvVxpbFGpQAgCVYZ57,GBMA21854027,yes
877,Awa Ni,"The Knocks,Kah-Lo",119,12A,82,24/03/2021,03:39,44,"nu disco, ",Awa Ni,21/06/2019,67,4,0,43,10,30,-6,C♯/D♭ Minor,4,4ob71GMH7PAokRzPhejagR,USAT21903166,no
878,Where Do I Begin,Kojey Radical,91,1A,70,24/03/2021,01:59,31,alté,Cashmere Tears,13/09/2019,76,1,0,65,40,20,-8,G#/A♭ Minor,4,50I4xwBtoGcEqfJalklHDu,GBAHS1901009,no
879,Angel,"Loyle Carner,Tom Misch",97,10A,60,24/03/2021,04:43,53,"jazz rap, indie soul","Not Waving, But Drowning",19/04/2019,80,15,1,28,20,10,-7,B Minor,4,4pjcxC0qgXWZWmcBjzn1az,GBUM71900077,yes
880,Big Girls,Masego,114,2B,46,24/03/2021,03:08,0,,Big Girls,09/09/2019,82,15,12,25,20,10,-12,F#/G♭ Major,4,0VEJDwMO26qNitqyDb47I0,QZD5H1800101,no
881,Save Me,MNDR,119,5B,90,24/03/2021,03:20,0,,Save Me,12/09/2019,71,3,0,57,10,20,-3,D#/E♭ Major,4,1W8cClu9GyC4ScZ6SeW9eD,QMYPL1103501,no
882,Where & When,"P Money,Giggs",140,7B,81,24/03/2021,03:22,45,"grime, uk grime, drum and bass, bassline, uk drill",Where & When,09/05/2019,91,3,0,62,20,0,-5,F Major,4,7atqoWGFaIHMj02zn3XQcW,QM6MZ1979290,yes
883,Funsize,Pixx,100,10B,40,24/03/2021,03:54,0,,Small Mercies,07/06/2019,73,10,0,14,0,10,-9,D Major,4,1b2QhXphgrdJFLGRWp3Ooo,GBAFL1800391,no
884,OMG,Sampa the Great,127,8B,89,24/03/2021,02:34,30,,OMG,10/07/2019,90,3,0,73,10,0,-6,C Major,4,223AWrYBuPJwm3oy9phMiS,GBCFB1900127,no
885,Same Old Story,Skepta,135,1B,71,24/03/2021,03:20,57,"grime, uk grime",Ignorance is Bliss,31/05/2019,88,9,0,85,10,10,-6,B Major,4,6kh17zXl4MM4AzSeJP02hB,QM6MZ1960812,yes
886,Favourites (feat. Little Simz),"THE S.L.P.,Little Simz",102,11A,88,24/03/2021,03:53,14,"alternative dance, ",Favourites (feat. Little Simz),14/05/2019,67,8,0,80,20,10,-4,F#/G♭ Minor,4,1znNmUVNzQ74GULy5cJa6f,GBARL1900558,yes
887,The Cracks,Another Sky,110,9A,72,24/03/2021,03:47,33,,The Cracks,15/04/2019,52,5,12,43,0,10,-8,E Minor,3,75qz22jgedx8v2M8iDsd8N,GBUM71901106,no
888,Morrow,070 Shake,100,8B,67,24/03/2021,04:06,53,,Modus Vivendi,17/01/2020,74,6,2,19,0,10,-7,C Major,4,3sIoWQZbJqUKj5iELz8eTA,USUM71905781,yes
889,MICE,Aitch,106,4B,54,24/03/2021,02:56,0,"grime, uk grime, uk drill, drill",MICE,19/02/2020,84,27,0,78,40,0,-6,G#/A♭ Major,4,7CT7P8PxTxM4rI0AvsEKjW,GB2DY2000044,yes
890,Wish I Was Younger,Alfie Templeman,139,4B,88,24/03/2021,02:07,0,,Happiness in Liquid Form,17/07/2020,68,4,3,90,0,10,-4,G#/A♭ Major,4,551RN9rptFQ5xp86tTpGFs,GBKPL2005449,no
891,Me Gusta (with Cardi B & Myke Towers),"Anitta,Myke Towers,Cardi B",110,11A,60,24/03/2021,03:00,56,"brazilian pop, funk pop, brazilian funk, funk carioca, reggaeton, trap latino, urbano latino, ",Me Gusta (with Cardi B & Myke Towers),18/09/2020,91,45,0,81,0,0,-4,F#/G♭ Minor,4,7e1VoRlNumuEkXlITMHKLE,USWB12000287,no
892,Don't Turn Around,Biig Piig,97,1A,72,24/03/2021,02:51,0,,Don't Turn Around,21/07/2020,78,6,1,75,10,0,-6,G#/A♭ Minor,4,6FzZMJGhI5JA5nDVM87s5w,GBARL2000688,no
893,Unity,Buju Banton,132,11A,82,24/03/2021,03:45,30,"reggae, dancehall, ragga, lovers rock, roots reggae, soca",Upside Down 2020,26/06/2020,50,47,0,80,10,20,-6,F#/G♭ Minor,4,1esh3jY1P6pJMyXAKLDaIY,QMJMT2002900,no
894,Aloha,"Carlos Sadness,Bomba Estéreo",132,8B,90,24/03/2021,03:07,46,"latin indie, latin alternative, electrocumbia",Aloha,21/11/2019,80,10,0,60,10,10,-6,C Major,4,0GARcbxLIOmzrs0lHpuvmi,ES5021901671,no
895,Stop This Flame,Celeste,120,3A,70,24/03/2021,03:29,58,,Stop This Flame,09/01/2020,75,30,0,32,0,10,-5,A#/B♭ Minor,4,1bObrsJGW0UCIGZkvnDqbe,GBUM71906666,no
896,Sacrifice,Chløë Black,112,9A,67,24/03/2021,02:55,0,,Sacrifice,21/08/2020,71,13,0,54,0,50,-6,E Minor,4,1A4UtLUbo84Kh3Nz3i1aEc,GBKPL2015876,no
897,Cool Up,De Lux,142,11B,91,24/03/2021,04:58,0,indie dance,Cool Up,08/01/2020,58,2,2,57,10,10,-7,A Major,4,4pTi5P2JRx9SeejIV3Xudb,USD8D2070001,no
898,BUYA,Domino Saints,119,4A,66,24/03/2021,02:49,0,,BUYA,18/09/2020,60,25,0,81,10,30,-8,F Minor,4,4JzupGoZoRC5qRY9Y4vUuE,QZ7R42052905,no
899,Love Is Religion (The Blessed Madonna Remix) [Mixed],"Dua Lipa,The Blessed Madonna",123,8B,82,24/03/2021,03:29,46,"pop, ",Club Future Nostalgia (DJ Mix),28/08/2020,80,5,0,87,10,30,-7,C Major,4,3q4cfRBOyj4WqQYV9HrsUh,GBAHT2000700,no
900,Vipers,Dylan Fraser,100,9A,83,24/03/2021,03:18,31,,Vipers,14/08/2020,71,22,1,61,0,10,-4,E Minor,4,7JCPTyX71tg9ffNMB4sQA3,GBAHS2000770,yes
901,01:32 AM / WALK ALONE,"Everything Is Recorded,Infinite Coles,BERWYN",111,3A,50,24/03/2021,03:27,0,uk r&b,FRIDAY FOREVER,03/04/2020,91,21,0,73,0,30,-11,A#/B♭ Minor,4,2Iue51oaeReWOo39FYNVUg,GBBKS2000005,no
902,Scatter,Fireboy DML,120,10A,80,24/03/2021,02:44,54,"afrobeats, afrobeat, afropop, afro r&b, afropiano, afroswing, afro soul","Laughter, Tears & Goosebumps",28/11/2019,73,4,7,59,20,30,-7,B Minor,4,0s3ZpsAaVCbWxDhLq2B2wh,USUYG1281972,no
903,Heat Waves,Glass Animals,81,1B,53,24/03/2021,03:58,91,,Dreamland,07/08/2020,76,44,0,53,0,0,-7,B Major,4,3USxtqRwSYz57Ewm6wWRMp,GBUM72000433,no
904,ErruDumEllaHvad,ICEKIID,104,1A,71,24/03/2021,02:28,54,"dansk rap, dansk pop, dansktop",ErruDumEllaHvad,12/06/2020,92,28,0,73,20,20,-6,G#/A♭ Minor,4,5qaaQp6KvkEdB2q7SKQAcJ,DKADG2000433,yes
905,Does It Make You Feel Good?,Joesef,120,3B,73,24/03/2021,03:03,0,,Does It Make You Feel Good?,06/10/2020,63,18,0,83,0,30,-9,C♯/D♭ Major,4,4ELXniqcm1QKYoJpFPE5eO,GBKPL2021192,yes
906,Ticket To Ride,KAWALA,160,11B,78,24/03/2021,03:02,56,,Ticket To Ride,12/06/2020,57,28,0,75,0,30,-6,A Major,4,4AGjD3R8ch6JmvDLAwFw7P,GBUM72002246,no
907,Beginning,LA Priest,110,4B,51,24/03/2021,04:06,37,,GENE,05/06/2020,90,64,0,97,0,0,-7,G#/A♭ Major,4,6Al18bAYlwaiGFp1F5wlih,GBCEL1900351,no
908,Manos Arriba,La Vida Bohème,133,11B,83,24/03/2021,03:37,0,"latin alternative, latin indie, latin rock",Manos Arriba,19/03/2021,69,0,1,76,0,30,-7,A Major,4,6WUzR4CtkXa6qGbS6mszNt,GBLFP2041442,no
909,MIGHT DELETE LATER,LARRY PINK THE HUMAN,121,12B,66,24/03/2021,03:48,38,,MIGHT DELETE LATER,28/05/2020,66,0,0,63,0,10,-7,E Major,4,7FBGO7sUnXfRoTdnLxiRlw,QM6MZ2093674,no
910,been a minute,Leyma,108,10A,62,24/03/2021,03:04,0,,been a minute,01/07/2020,68,29,0,75,0,0,-6,B Minor,4,5hIErj1qa72aXt578zIsEk,GBKPL2010671,yes
911,Big Love (with EARTHGANG & MNDR),"Louis The Child,EARTHGANG,MNDR",87,4B,75,24/03/2021,02:47,47,,Here For Now,26/06/2020,67,0,0,37,10,10,-3,G#/A♭ Major,4,25Q6XHjKEyaXzCvKlwDpPP,USUM72009940,no
912,Don't Let The Light In,Low Island,125,4A,70,24/03/2021,02:58,0,,Don't Let The Light In,08/10/2020,76,24,0,80,0,10,-8,F Minor,4,18Uh3kpGqThiJuAmc1RL9I,GBKPL2018082,no
913,Bad Habits,Madame Gandhi,99,2B,87,24/03/2021,03:47,33,,Bad Habits,12/10/2018,76,0,4,59,0,0,-4,F#/G♭ Major,4,4paOi2D1A1pS5bPugSfUg7,QM24S1836038,no
914,Good Energy,Mike Sabath,108,11B,87,24/03/2021,03:40,40,,Good Energy,25/09/2020,66,1,0,40,0,10,-5,A Major,4,4FvLJcQLTmFEAViriSeivB,USWB12003352,no
915,Water,Naïka,120,10A,69,24/03/2021,01:52,0,"kompa, zouk",Water,09/10/2020,85,6,0,95,0,0,-6,B Minor,4,6BiDHHaky7B7TaxMsY897N,GBKPL2023456,no
916,Who Asked You,Nia Wyn,77,11A,74,24/03/2021,03:42,0,"retro soul, jazz rap, uk r&b",Who Asked You,10/04/2020,48,36,0,76,30,20,-8,F#/G♭ Minor,4,0TbJY1cAQi1qVrVgsdKbRz,TCAES2068080,yes
917,Work It Out,Nnena,123,3B,86,24/03/2021,02:39,0,,Work It Out,26/02/2020,88,3,0,85,30,0,-6,C♯/D♭ Major,4,5IIcEUpbaiYjhiHkOffEiU,QZHTD2000008,yes
918,Switched Up,Oliver Malcolm,110,12A,69,24/03/2021,02:26,0,,Switched Up,20/02/2020,72,3,0,43,0,0,-5,C♯/D♭ Minor,4,2qtJUSJmPz5mkVhFHrtCd7,USUM72002829,yes
919,Apple Juice,Oscar Lang,170,8B,87,24/03/2021,03:17,0,bedroom pop,Apple Juice,10/07/2020,44,0,0,71,0,10,-6,C Major,4,4yyFQvhFzwehcd4rNww13N,GBK3W2001379,no
920,Like this,박혜진 Park Hye Jin,125,10B,54,24/03/2021,04:05,0,lo-fi house,Like this,19/05/2020,70,16,91,18,0,0,-11,D Major,4,69m0nk21Qs3xPCb99FHEpY,GBCFB2000212,no
921,Citizen X,Peel,138,6B,87,24/03/2021,03:19,0,,Citizen X,05/10/2020,45,0,31,9,0,10,-5,A#/B♭ Major,4,4cpzEF1s3aIafF97VTKjLa,USD8D2081005,no
922,Good Love 2.0,Priya Ragu,106,10A,57,24/03/2021,02:54,41,,Good Love 2.0,01/10/2020,78,5,0,52,0,40,-5,B Minor,4,0xErrzRegFIsekcvQ5wsS0,GBAHT2000829,no
923,Trouble’s Coming,Royal Blood,112,12A,69,24/03/2021,03:48,51,"garage rock, rock",Trouble’s Coming,24/09/2020,78,5,0,81,0,30,-5,C♯/D♭ Minor,4,5eR6OS3joTAHJToyzehKfu,GBAHT2000193,no
924,Etcetera,"Steam Down,Afronaut Zu",97,9A,79,24/03/2021,04:39,35,drum and bass,Etcetera,31/07/2020,69,0,4,28,0,10,-10,E Minor,4,3yDVPtfr96s8koUUrGaoav,GBUM72001900,no
925,Window,Still Woozy,91,9A,48,24/03/2021,02:19,56,bedroom pop,Window,17/04/2020,71,44,0,67,20,20,-9,E Minor,4,3hARuUtzTdUuWH1KiLJlSf,USUG12001158,no
926,Is It True,Tame Impala,118,8B,66,24/03/2021,03:59,80,"neo-psychedelic, indie",The Slow Rush,14/02/2020,73,0,35,66,0,10,-5,C Major,4,6RZmhpvukfyeSURhf4kZ0d,AUUM71900933,no
927,no14 - feat. Dani Faiv,"thasup,Dani Faiv",90,3A,69,24/03/2021,02:56,48,italian trap,23 6451,15/11/2019,62,21,0,64,10,10,-8,A#/B♭ Minor,4,7KksdXBhdufqWDxGxyt4I7,ITB001900535,yes
928,That’s All It Is,The Snuts,103,7B,97,24/03/2021,02:24,37,indie,That’s All It Is,27/09/2020,66,1,0,66,0,0,-3,F Major,4,57k9GKhj6uofn7CiItbEYI,GBAYE2000886,no
929,No Es Mi Culpa,"Trooko,Diogo Piçarra",128,6B,87,24/03/2021,04:53,31,portuguese hip hop,No Es Mi Culpa,09/10/2020,69,2,3,24,0,0,-6,A#/B♭ Major,4,2J2ge96CgXgRr8K71uPfHB,CA5KR2095258,no
930,SHADE,Zaia,80,4A,70,24/03/2021,03:06,32,,VERY ALONE,13/05/2020,85,2,0,73,10,10,-8,F Minor,4,4Gb4v7JYjVOFgzlKrpzP1T,USQX91901269,yes
931,LALA,Myke Towers,92,3B,74,25/03/2026,03:17:00,84,"reggaeton, trap latino, urbano latino",LA VIDA ES UNA,23/03/2023,71,7,0,61,0,10,-4,C?/D? Major,4,7ABLbnD53cQK00mhcaOUVG,USWL12300002,yes
932,poster boy,2hollis,111,11A,96,25/03/2026,02:01:00,81,"hyperpop, electroclash",2,11/05/2023,68,8,0,91,0,0,-1,F#/G? Minor,4,0Gz4Q1Bmyef5yA0G6LIIQZ,USUYG1488297,yes
933,TULUM,"Peso Pluma,Grupo Frontera",168,2B,87,25/03/2026,03:29:00,76,"corrido, corridos tumbados, corridos b�licos, m�sica mexicana, sad sierre�o, banda, cumbia norte�a, norte�o, grupera, tejano, ranchera",G�NESIS,29/06/2023,56,39,0,63,0,10,-4,F#/G? Major,4,7bPp2NmpmyhLJ7zWazAXMu,QM7282325573,yes
934,adore u,"Fred again..,Obongjayar",124,8B,87,25/03/2026,03:40:00,72,"stutter house, house, edm, alt�",adore u,11/08/2023,75,58,0,68,0,10,-7,C Major,4,3YgtkOxZsTuaZdL8McA1FQ,GBAHS2300908,no
935,The Hillbillies,"Baby Keem,Kendrick Lamar",150,3B,62,25/03/2026,03:24:00,62,"hip hop, west coast hip hop",The Hillbillies,05/06/2023,80,2,0,21,10,10,-6,C?/D? Major,4,1h6w4POXM2LfG4ZD4xUfZQ,USSM12303805,yes
936,Rumble,"Skrillex,Fred again..,Flowdan",140,12A,84,25/03/2026,02:26:00,62,"dubstep, edm, electro, electronic, stutter house, house, drum and bass, grime, uk garage",Rumble,04/01/2023,81,5,23,6,0,0,-8,C?/D? Minor,4,1GfBLbAhZUWdseuDqhocmn,USAT22221613,no
937,Eurostar (feat. Central Cee),"Ninho,Central Cee",137,11A,70,25/03/2026,03:07:00,62,"french rap, pop urbaine, uk drill, drill, uk grime",NI,30/06/2023,78,62,0,84,10,0,-6,F#/G? Minor,4,3Iy4j2lCqW8BXGkFk21U6F,FR9W12323221,yes
938,Going Kokomo,Royel Otis,172,8B,94,25/03/2026,03:10:00,60,indie,Sofa Kings,31/03/2023,45,0,3,79,0,0,-4,C Major,4,4E4Gxykl5nYMSIwlIVzjGr,FR10S2313212,no
939,Portrait of a Blank Slate,Lovejoy,160,1A,86,25/03/2026,03:47:00,57,,Wake Up & It's Over,12/05/2023,60,2,0,74,10,0,-6,G#/A? Minor,4,7505qe0xzCuDPaILCURnOC,QM4TX2379720,no
940,Mercy (feat. Jacob Lusk),"The Blessed Madonna,Jacob Lusk",127,7A,65,25/03/2026,02:58:00,57,,Mercy (feat. Jacob Lusk),23/06/2023,82,1,0,65,0,70,-6,D Minor,4,4ejCsNXh66YasBUiwfBhDg,GBAHT2300600,no
941,BICHOTAG,KAROL G,75,4B,41,25/03/2026,02:13:00,57,"reggaeton, latin, urbano latino",MA�ANA SER� BONITO (BICHOTA SEASON),11/08/2023,78,5,0,51,10,0,-8,G#/A? Major,4,5CQXesQM39J0CBnY0Npp6S,USUG12305252,yes
942,Phone,"MEDUZA,Sam Tompkins,Em Beihold",130,2A,60,25/03/2026,02:35:00,57,,Phone,07/07/2023,65,6,0,41,0,30,-8,D#/E? Minor,4,0GTuyzPTs2G0wqFD1trSOw,GBUM72305557,no
943,Angry,The Rolling Stones,113,12B,89,25/03/2026,03:46:00,57,"classic rock, rock",Angry,06/09/2023,60,0,0,70,0,0,-3,E Major,4,0daHbdrLvUmkh81rnolMcG,GBUM72302314,no
944,6am,Channel Tres,124,5A,69,25/03/2026,03:41:00,53,hip house,6am,09/11/2022,87,2,0,92,0,0,-7,C Minor,4,1lx452Y4CLMvIois88vwBr,USRC12203314,yes
945,Worms,Ashnikko,140,6A,72,25/03/2026,02:28:00,52,,Worms,02/03/2023,83,26,0,83,0,20,-3,G Minor,4,5PlGxNgE62io6OBc1BsIaq,GBAYE2300004,yes
946,Good Lies,Overmono,126,3A,81,25/03/2026,02:40:00,53,"uk garage, breakbeat",Good Lies,31/03/2023,69,7,88,62,0,60,-5,A#/B? Minor,4,59GW6EKtdyaJ10t2yQdqrt,GBBKS2200249,no
947,Seaforth,King Krule,200,9B,49,25/03/2026,04:05:00,51,,Space Heavy,09/06/2023,47,8,64,34,0,20,-13,G Major,4,6RRCXZcBlOrQ4GsKElW0BH,GBBKS2200289,no
948,Heavier,"ODESZA,Yellow House",170,12A,88,25/03/2026,04:17:00,52,"chillwave, chillstep, ",Heavier,27/06/2023,45,0,2,40,0,0,-6,C?/D? Minor,4,5KPYMz7DUZc6ZdcxNgfL18,GBCFB2300349,no
949,LONELY,The Blaze,120,2B,59,25/03/2026,04:25:00,51,,JUNGLE,10/03/2023,68,1,71,18,0,10,-10,F#/G? Major,4,7r9DWgmElZrjI0G8erYKRr,DGA072234044,no
950,One Of Those Days (feat. Lil Yachty & with 347aidan),"Zack Bia,347aidan,Lil Yachty",178,10B,55,25/03/2026,02:27:00,49,,One Of Those Days (feat. Lil Yachty & with 347aidan),22/02/2023,76,45,1,82,20,10,-6,D Major,4,2GVThPVZQQ1K21uEefG4r6,USUG12301290,yes
951,DON'T LET THE DEVIL (feat. thankugoodsir),"Killer Mike,El-P,thankugoodsir",87,10A,63,25/03/2026,02:45:00,49,"southern hip hop, alternative hip hop, experimental hip hop, ",MICHAEL,16/06/2023,64,0,0,28,0,40,-8,B Minor,4,1f7eBRPgFfKPhqMU7z31yF,USC4R2333192,yes
952,Wait For It,salute,133,3B,89,25/03/2026,03:59:00,45,"uk garage, stutter house",Wait For It,06/02/2023,73,0,0,81,10,0,-5,C?/D? Major,4,6YjVrP2g7gJYh3aXkgnspC,GBCFB2200669,no
953,V I B R A T I O N (w/ Shift K3Y),"Kaleena Zanders,Shift K3Y",127,3A,92,25/03/2026,02:49:00,47,,V I B R A T I O N,20/01/2023,50,0,2,49,0,30,-5,A#/B? Minor,4,2t3FV5IpL1uWeMjt7vOomW,QZUCN2200405,no
954,Black Dress,070 Shake,122,6B,68,25/03/2026,03:57:00,46,,Black Dress,22/09/2023,62,3,0,38,0,0,-4,A#/B? Major,4,4pchG0mOBAJoXXu1vmwyTY,USUM72304891,no
955,nice 2 me,"piri,Tommy Villiers",172,1A,77,25/03/2026,02:51:00,46,"uk garage, rally house, liquid funk, drum and bass",nice 2 me,24/05/2023,66,22,0,91,0,10,-8,G#/A? Minor,4,3f5W7B3MxSartmmom92jGj,GBUM72304395,no
956,Longevity Flow,Stormzy,106,8B,76,25/03/2026,03:03:00,45,"grime, uk grime, uk drill",Longevity Flow,26/06/2023,58,4,0,19,30,10,-5,C Major,4,4xftWzEdtv72VcDlVvA5t0,GBUM72306207,yes
957,What Comes Will Come,Genesis Owusu,156,4A,81,25/03/2026,03:51:00,44,,STRUGGLER,18/08/2023,66,3,0,84,0,10,-6,F Minor,4,5U1MVqAfPoLPKllKr0WaRT,QM6P42326107,yes
958,Killa,"Hava,Dardan",100,1A,57,25/03/2026,02:48:00,44,german hip hop,Killa,08/09/2023,78,41,0,54,0,10,-7,G#/A? Minor,4,5LeiVdGtVjwRocR3TDQvcN,DEQ022373595,no
959,Protein v2,"Jeshi,Obongjayar,WESTSIDE BOOGIE",85,1A,69,25/03/2026,03:08:00,43,"alt�, boogie",Universal Credit (Deluxe),25/11/2022,83,26,0,78,20,10,-6,G#/A? Minor,4,4BxywQGCn9qUTHPAarWGZZ,GBMVH2200750,no
960,FLATLINE,Frost Children,128,9B,51,25/03/2026,03:45:00,43,"hyperpop, electroclash",SPEED RUN,14/04/2023,85,1,0,58,40,0,-7,G Major,4,4FjpNddm5GtoIS81GxoQz1,QZVM32200078,yes
961,AVVISO,ARIETE,140,4B,67,25/03/2026,03:03:00,43,concerto,SPECCHIO,24/02/2022,67,36,0,77,0,40,-6,G#/A? Major,4,2YMvLfACAlvQMiKonxdeUq,ITLGE2100123,no
962,Shame (with Elmiene),"Dahi,Elmiene",146,1A,53,25/03/2026,02:32:00,42,uk r&b,Shame,29/09/2023,62,78,0,48,10,10,-5,G#/A? Minor,4,28Ir6VUbomCsKRYXJDS8pW,USUM72311168,no
963,HOLD ON,ill peach,176,10A,81,25/03/2026,04:05:00,42,,HOLD ON,07/01/2023,20,19,0,20,0,10,-3,B Minor,4,3PspK6baTu8laBFO32ArQL,FRIDO2310041,no
964,Complicated (feat. Young Franco),"Winston Surfshirt,Young Franco",114,3A,49,25/03/2026,02:57:00,42,,Panna Cotta,11/11/2022,87,19,0,79,40,10,-8,A#/B? Minor,4,2TdAhpmGqB1DhzI0Auo9lq,AUOXM2100493,no
965,Nothing Matters,The Last Dinner Party,101,10A,81,25/03/2026,03:02:00,42,,Nothing Matters,19/04/2023,59,3,0,59,0,10,-4,B Minor,4,5rzxppLxFWvtwzjmyppcqk,GBUM72301932,no
966,there she goes,Ezekiel,162,11A,80,25/03/2026,02:42:00,41,"hyperpop, breakcore",there she goes,07/07/2023,43,0,0,72,0,10,-6,F#/G? Minor,4,3DVVQMU478kCIB9FC3mct5,USWB12303100,no
967,Assumptions - Jengi Remix,"Sam Gellaitry,Jengi",135,11A,93,25/03/2026,03:06:00,41,,Assumptions (Jengi Remix),10/02/2023,62,26,19,60,0,10,-4,F#/G? Minor,4,3NaLD1DZ4U2VMf4WXci3Rt,GBAYE2300042,no
968,The Stranger,Gus Dapperton,178,3B,70,25/03/2026,03:42:00,42,bedroom pop,Henge,07/07/2023,43,1,0,69,0,10,-6,C?/D? Major,4,6vWKSlMiyGlsWzRw8REBxE,USWB12300899,no
969,CATALYST,"DROELOE,IMANU",166,8A,82,25/03/2026,03:26:00,41,"future bass, drum and bass, drumstep",CATALYST,16/02/2023,61,0,73,4,0,10,-3,A Minor,4,3wPpMU6d8h9yxvBadDDr44,GB2LD2310016,no
970,They Don't Love It,Jack Harlow,94,3B,82,25/03/2026,01:53:00,41,,Jackman.,27/04/2023,55,5,0,85,30,10,-6,C?/D? Major,4,4YnazaBNYt86O9KhwjH9NA,USAT22304592,no
971,"1,2 & Mer",BABY MALA,187,6A,74,25/03/2026,02:37:00,40,,"1,2 & Mer",20/09/2023,64,7,0,41,0,0,-8,G Minor,4,6nphe8z73s7ijdY5Bxy5fk,SEPQA2300178,yes
972,Passport Bros (with J. Cole),"Bas,J. Cole",116,11B,62,25/03/2026,02:44:00,40,rap,Passport Bros (with J. Cole),19/07/2023,87,6,0,80,10,20,-6,A Major,4,5EAxubrBUiiNnbx6ygl8cI,USUM72310141,no
973,RASEN in OKINAWA,"Awich,tubakiii,OZworld,CHICO CARLITO",85,3B,60,25/03/2026,04:49:00,38,"j-rap, j-r&b, hip hop",098RADIO vol.1 Hosted by Awich,15/03/2023,80,12,0,53,20,20,-6,C?/D? Major,4,6JDDIx1vSs5GvMZXsy2aR2,TCJPU2393288,yes
974,The Sea,Romy,119,9A,84,25/03/2026,03:10:00,39,,The Sea,24/07/2023,67,1,34,78,0,40,-6,E Minor,4,0DsQ0M6qf1aJvZmktDwxy8,UK7MC2300058,no
975,Fall Right In,Roosevelt,105,10B,91,25/03/2026,04:39:00,39,nu disco,Embrace,22/09/2023,51,4,59,50,0,10,-7,D Major,4,5NqxYiQuZFRIlhZmNVQEPX,GBCFB2300203,no
976,Superstar,"Belters Only,Micky Modelle,Simone Denny",127,8A,81,25/03/2026,03:42:00,38,"happy hardcore, ",Belters Only,17/11/2022,68,29,0,79,0,0,-7,A Minor,4,6sqG2ZdKeW2C9lIStu99FP,GBUM72207216,no
977,Amnesia,M83,140,7B,71,25/03/2026,04:03:00,38,,Fantasy,17/03/2023,40,3,6,10,0,10,-6,F Major,4,4ZyCS7eIVZBB4BIkF9UGfW,GB5SH2200004,no
978,cracked screen,"blackwave.,Lute",129,8B,50,25/03/2026,03:32:00,37,"jazz rap, alternative hip hop",no sleep in LA,09/09/2022,85,3,0,57,10,0,-10,C Major,4,5tw5H51GeMaSBcD0CHKsBq,BEFM12200004,yes
979,Stone,"Effy,Flowdan",140,10A,98,25/03/2026,03:02:00,36,"uk garage, hard house, drum and bass, grime",Stone,27/04/2023,67,2,1,58,0,10,-4,B Minor,4,5C8ZVCqSWQluWHXsTdLCOW,USZXT2351009,no
980,Hostage,Peter Xan,151,10B,84,25/03/2026,03:28:00,29,,Hostage,24/08/2023,48,0,0,71,0,40,-5,D Major,4,64CM2jpZuEW7VVZQxI5eYU,US4HB2300069,no
981,"Osama - Bruno Be, Ralk Rework","Zakes Bantwini,Kasango,Bruno Be,Ralk",122,4A,77,25/03/2026,04:41:00,36,"afro tech, afro house, 3 step, deep house, brazilian bass, electronic","Osama (Bruno Be, Ralk Rework)",03/02/2023,65,0,4,33,0,0,-7,F Minor,4,3pWC9DZvy8N8CUHKJJ8dBp,ZAEI72300002,no
982,For Granted,Yaeji,92,8B,61,25/03/2026,02:41:00,36,,For Granted,17/01/2023,72,12,8,40,0,10,-8,C Major,4,61h5rJ790Vov9ks2Vut5mo,GBBKS2200183,no
983,Show Me The Money (with Tkay Maidza),"Snakehips,Tkay Maidza",122,4A,88,25/03/2026,03:07:00,35,alternative r&b,Show Me The Money (with Tkay Maidza),16/03/2023,79,2,0,56,10,40,-5,F Minor,4,7EA2tzWnu6i0Nai8PMUZgp,QZUCN2200522,yes
984,I Just Wanna Dance,"Higgo,mustbejohn",132,4A,83,25/03/2026,02:43:00,35,"uk garage, bassline",I Just Wanna Dance,06/01/2023,60,8,0,44,20,10,-7,F Minor,4,4dJsbFmhri91euJQbhVqT8,QZUCN2200373,no
985,A STRANGER,DAMEDAME*,163,8B,86,25/03/2026,02:47:00,35,uk r&b,A STRANGER,20/09/2023,57,0,0,54,20,10,-4,C Major,4,6t26Su0fcxR2tbHzNfzE8I,GBARL2301234,no
986,Lowkey,"P Money,Whiney",175,6A,94,25/03/2026,03:21:00,33,"grime, uk grime, drum and bass, bassline, liquid funk, jungle","Streets, Love & Other Stuff",06/10/2023,63,0,0,23,0,0,-3,G Minor,4,4FC7fcZ5RexxLbWNrOq6aq,GBCJY2300467,no
987,TOMMY,WALKER.,127,8B,75,25/03/2026,03:32:00,34,,TOMMY,28/07/2023,74,1,0,28,10,10,-5,C Major,4,2z0vNWVD3E6FCXZZkt58Po,QM7282305662,no
988,Dreaming Of You,Disrupta,87,12B,54,25/03/2026,03:24:00,31,"drum and bass, liquid funk, jungle, bassline",Dreaming Of You,13/01/2023,55,12,0,40,0,30,-6,E Major,4,7iSNRfFHvHeYL3fq4Njqd9,DGA082215117,no
989,O Que Se Leva (D�i),"Rod Rizz,Rashid,Helio Bentes,Tom Z�",168,9B,84,25/03/2026,02:50:00,34,"brazilian hip hop, anime rap, boom bap, reggae, roots reggae, mpb",Deus � Brasileiro,24/11/2023,63,44,0,84,20,0,-5,G Major,4,336MAGcI93mYzYuKDHYOPN,BR7WH2300001,yes
990,Gan Ainm,whenyoung,165,5B,92,25/03/2026,04:07:00,34,,Paragon Songs,07/04/2023,18,0,1,19,40,10,-5,D#/E? Major,3,20lAHS3TYkwXlCCnPaV9Ln,QZ8GX1701661,no
991,Not Today,"Matata,Liam Bailey",172,9A,81,25/03/2026,04:12:00,33,"gengetone, bongo flava, rumba congolaise, liquid funk, retro soul, retro pop",Not Today,04/11/2022,72,3,0,80,10,30,-5,E Minor,4,2iGu9F7QQXW8h7Er5c8Gq3,QZRP42239785,no
992,denver luna - acappella,Underworld,135,4A,35,25/03/2026,02:27:00,31,"big beat, electronica",Strawberry Hotel,25/10/2024,55,91,0,40,0,30,-11,F Minor,3,04raIrgqXXjCnsLTv0lhqB,GBJJY2300005,no
993,The Gates Will Open,Karma Kid,134,7B,77,25/03/2026,05:46:00,32,,The Gates Will Open,27/09/2023,54,0,91,13,0,20,-9,F Major,4,3mYH1lXw1QUPllZantOaw4,QZS7J2353101,no
994,Why You Waiting?,"Serum,Agent Sasco (Assassin),Doktor",87,3A,92,25/03/2026,02:35:00,31,"drum and bass, jungle, bassline, dancehall, riddim, ragga, reggae, soca",Why You Waiting?,03/03/2023,60,1,0,34,0,10,-2,A#/B? Minor,4,4NS6mjfccw3m9fPYLCKa53,GBCJY2300398,no
995,We Can Be Anything,Baby Queen,121,1B,97,25/03/2026,03:21:00,32,,We Can Be Anything,20/07/2023,62,9,0,80,0,10,-4,B Major,4,4AcRbBprPNxpzClRnl1je6,GBUM72303877,no
996,The Hard Way,Sid Sriram,164,10A,82,25/03/2026,03:32:00,32,"tollywood, telugu pop, tamil pop, kollywood",The Hard Way,14/07/2023,61,14,27,38,10,20,-5,B Minor,4,1QLMHSO8A6DXPRTxFGJEnG,USUG12301639,no
997,Shut It Down,"TroyBoi,Armani White",102,3B,51,25/03/2026,02:42:00,31,"edm trap, ",Shut It Down,27/10/2023,90,12,0,78,20,0,-7,C?/D? Major,4,6k1JXdWW1ZGAcTUtjao9d6,CA5KR2388796,no
998,Vem com tudo,"Rael,Gloria Groove,Tropkillaz",122,10A,71,25/03/2026,03:14:00,31,"brazilian hip hop, new mpb, brazilian pop, funk pop, pagode, brazilian funk",Vem com tudo,01/11/2023,92,3,0,48,20,10,-6,B Minor,4,3mTMQ4ceGNWhfnH5IYKpkO,BRX6F2300014,yes
999,BORED,swim school,148,10B,86,25/03/2026,03:26:00,31,,BORED,15/06/2023,38,0,4,34,0,10,-4,D Major,4,2npxF2SvUP0GNLpqgY0Hn1,GB8MX2300520,no
1000,EZ 4 Me,"Bianca Oblivion,LEGZDINA",128,3A,65,25/03/2026,03:00:00,26,"uk funky, ballroom vogue, uk garage, bassline, hard techno, techno",EZ 4 Me,28/10/2022,82,0,31,80,0,0,-6,A#/B? Minor,4,7atFLBiAaQxMyZP5zzVp3T,GB2DY2201122,yes
1001,Who Let Him In,Obongjayar,120,9B,74,25/03/2026,03:06:00,29,alt�,Who Let Him In,26/09/2023,90,0,0,79,10,0,-4,G Major,4,3zKdTxoDlo5CT5HlqgUxJ3,USQX92305062,yes
1002,smile,Insincere,84,4A,59,25/03/2026,02:45:00,27,,smile,10/11/2023,66,16,0,57,0,0,-6,F Minor,4,5t8Rq9zn8w41gRpNtVjzdx,GBUM72309241,no
1003,Sigo Tus Pasos,"Pahua,Barzo",180,3B,91,25/03/2026,04:02:00,28,"latin alternative, electrocumbia, latin indie",Sigo Tus Pasos,29/09/2023,69,7,81,25,0,0,-8,C?/D? Major,3,6GtctMeAEuCeRJbviDKd6Y,ES71G2327557,no
1004,FORMULA,"Dumb Buoys Fishing Club,Merlyn Wood,joe unknown",103,3B,78,25/03/2026,02:53:00,28,,WRECKED,15/09/2023,75,6,0,40,0,10,-5,C?/D? Major,4,6H8YEkzK8FziT1QWnu6fdl,QM7282313308,yes
1005,DOOLALLY,Hak Baker,130,11B,92,25/03/2026,03:22:00,29,,DOOLALLY,18/05/2023,67,5,0,78,20,30,-5,A Major,4,5KiOQH7AdJMxAo6LtgkQHg,QM4TW2376046,yes
1006,Always Get Through To You,"Barry Can't Swim,Surya Sen",120,2B,85,25/03/2026,03:23:00,29,"jazz house, afro house, tribal house",Always Get Through To You,07/12/2023,69,2,86,67,0,0,-8,F#/G? Major,4,7AzXnrWEKbHxjOX1NRuKtn,GBCFB2300881,no
1007,Powder,Pontypool,119,3A,97,25/03/2026,03:26:00,28,,Powder,20/09/2023,49,16,0,24,10,20,-3,A#/B? Minor,4,16rnpRKp27VbbnW9t7DHHd,UKXN22320284,no
1008,"Pro Freak (with Doechii, Fatman Scoop)","Smino,Doechii,Fatman Scoop",75,9A,64,25/03/2026,04:28:00,27,,Luv 4 Rent,28/10/2022,50,24,0,19,40,10,-6,E Minor,4,2pDUb0DE5L5soxdQfyzDDc,USUG12207596,no
1009,i've got a bf (best friend),"Willo,niina",160,8B,94,25/03/2026,02:28:00,28,"stutter house, ",i've got a bf (best friend),07/07/2023,54,2,65,67,0,10,-6,C Major,4,34OjRqhUtpC3lkhsVpIr1D,AUFF02300392,no
1010,Haunt My Mind - Machinedrum Remix,"IMANU,Tudor,Machinedrum",93,4A,62,25/03/2026,03:25:00,27,"drum and bass, drumstep, deep house, footwork, idm, glitch",Haunt My Mind (Machinedrum Remix),30/03/2023,53,1,53,23,10,10,-7,F Minor,4,3TXrfDuEZxTaXLG8236DyQ,CAUM82300144,no
1011,We Are The Ones - FC24 Version,King,144,12B,83,25/03/2026,02:15:00,26,"desi hip hop, hindi hip hop, desi pop, hindi pop, hindi indie",We Are The Ones (FC24 Version),07/11/2023,67,0,3,25,10,60,-7,E Major,4,0e9puAKZblpFaZyEZ0ZcJ6,INW262318894,no
1012,Running Water,"Soo Joo,Hudson Mohawke",192,4B,74,25/03/2026,04:00:00,26,,Running Water,01/05/2024,29,24,51,8,0,10,-9,G#/A? Major,4,3JUDKFLxLlSQe7lBI1xkin,GBBPW2400680,no
1013,The World's Biggest Paving Slab,English Teacher,130,12B,70,25/03/2026,03:05:00,27,,The World�s Biggest Paving Slab,10/08/2023,60,5,2,26,0,20,-7,E Major,4,0BrPXLcu7IavDEzSU7YwSo,GBUM72307610,no
1014,THESE DISHES AIN'T GONNA DO THEMSELVES,KABEAUSH�,114,10B,77,25/03/2026,02:54:00,26,,THESE DISHES AIN'T GONNA DO THEMSELVES,29/08/2023,80,14,16,85,10,0,-4,D Major,4,5IHOTDXjEwmjzvbt7yldMZ,DEOE82300053,no
1015,Waiting To Go,"DRS,Duskee,Disrupta",172,3A,89,25/03/2026,02:30:00,26,"liquid funk, drum and bass, jungle, bassline",Waiting To Go,24/06/2022,38,38,0,60,20,20,-2,A#/B? Minor,4,3n7QF1NicPjiwce2MpBOUw,GBPWR2200045,no
1016,Paradox,"SLUMBERJACK,The Kite String Tangle",122,3A,66,25/03/2026,03:43:00,26,"future bass, edm trap, ",DICHOTOMY,28/01/2022,52,0,4,10,0,30,-6,A#/B? Minor,4,7ylEdgnznF9rAjDEsmpsRp,AUDCB1701886,no
1017,My Way,Charlotte Devaney,170,1B,85,25/03/2026,02:28:00,25,"ballroom vogue, bassline",My Way,08/03/2023,62,0,0,50,0,10,-4,B Major,4,4Zsg6XX4K6ScQRVcb2ne44,USA2P2309001,no
1018,Relentless,"Ternion Sound,PAV4N,Strategy,Hypho",140,12A,87,25/03/2026,02:58:00,25,"dubstep, bass music, dub, drumstep, drum and bass, uk garage, grime, breakbeat",Relentless,28/10/2022,74,2,0,37,10,10,-6,C?/D? Minor,4,4BTvXr4GKPvuHAWGr14ghc,GBKQU2290944,no
1019,Better Than I?,Shakes,145,4B,89,25/03/2026,02:25:00,24,"amapiano, drum and bass, afropiano, gqom",Better Than I?,23/03/2023,70,46,0,86,30,30,-5,G#/A? Major,4,0nt7P9iu1hp7cxoNq7mZrG,GBUM72301793,yes
1020,Oh Ah (with Paul Beaubrun & Cimafunk),"Micha�l Brun,Paul Beaubrun,Cimafunk",134,8B,95,25/03/2026,01:51:00,25,"soca, kompa, ",Oh Ah (with Paul Beaubrun & Cimafunk),29/09/2023,71,3,64,68,0,10,-3,C Major,4,1IWxBDOExMnTPR9lJ0lGTS,USUG12305110,no
1021,Pinking Shears,"Mandy, Indiana",86,2B,76,25/03/2026,02:32:00,25,"noise rock, indie electronic",Pinking Shears,01/03/2023,60,5,0,74,0,30,-7,F#/G? Major,4,25nJyg6wnbRLN1zkmbX8cF,USA2B2213593,yes
1022,Soul Capturer,Animal Collective,75,7B,80,25/03/2026,06:08:00,25,"neo-psychedelic, indie rock",Isn�t It Now?,29/09/2023,46,3,1,63,0,10,-8,F Major,4,5Rt1uhpnvrrXSf7HNX3mMi,GBCEL2300025,no
1023,I Can't Stay,"Charli Brix,Visages,DRS",175,3B,72,25/03/2026,04:17:00,25,"liquid funk, drum and bass, uk garage, jungle, drumstep, bass music, dubstep",The Art of Change,17/03/2023,57,1,4,9,10,10,-6,C?/D? Major,4,6q0iTsqDZiJcyzgS8ttRtj,FRIDO2310202,no
1024,FIST IN THE SKY (feat. Jordan Mackampa),"Jords,Jordan Mackampa",86,3B,70,25/03/2026,04:27:00,24,,FIST IN THE SKY (feat. Jordan Mackampa),24/05/2023,40,2,0,38,30,20,-7,C?/D? Major,4,3yVz0LNJ7gdMsAfIAxlKJO,GBUM72303451,no
1025,EAZI,Young Eman,107,2B,66,25/03/2026,02:30:00,24,"uk drill, drill",EAZI,29/09/2023,66,52,0,64,60,10,-7,F#/G? Major,4,3ZtzpqfftOGNMAgm8VGIil,USQX92305411,yes
1026,So Clear,Fliptrix,171,11B,67,25/03/2026,03:32:00,23,,Mantra No. 9,21/02/2023,54,15,0,75,60,20,-8,A Major,4,33IXYq3ncfQfh5KRzXeleo,GB6ZW2200238,yes
1027,Mamgobhozi,"Major Lazer,Major League Djz,Brenda Fassie",116,6B,87,25/03/2026,03:56:00,29,"moombahton, amapiano, 3 step, private school piano, afropiano, gqom, afro house, bacardi, afro tech, afropop, afro soul, rumba congolaise",Piano Republik,24/03/2023,76,0,6,36,0,20,-5,A#/B? Major,4,4RKhOHFaq2uqNRJuYQTnaY,USZ4V2300080,no
1028,Pemmican,"La Fine Equipe,Ga�l Faye",158,7A,68,25/03/2026,03:32:00,24,"trip hop, french pop, french house, chanson",Pemmican,30/06/2020,60,6,0,38,10,10,-8,D Minor,4,54DPC3DrwCJeyQwgBoO0wh,FR0Z42000410,no
1029,THAT GIRL,Bree Runway,130,10A,60,25/03/2026,02:05:00,23,,THAT GIRL,29/09/2022,83,0,0,48,10,10,-8,B Minor,4,3WSlZ5C7P9rN98QG7AYcB5,GBUM72206279,no
1030,Tings My Way,"Freq Motif,Magugu",123,10B,96,25/03/2026,02:04:00,22,uk funky,Tings My Way,19/09/2023,83,8,19,81,0,0,-6,D Major,4,3xdiLJ5x946mdlj3vwbPPu,QZTAU2368611,no
1031,Follow the Cyborg,Miss Grit,130,6A,52,25/03/2026,04:45:00,21,,Follow the Cyborg,24/02/2023,52,34,83,6,0,10,-10,G Minor,4,29Tr5faNVWpHHaN2JytX98,GBR8R2200016,no
1032,EYELIDS,"POLICE CAR COLLECTIVE,Cole Bleu",85,11B,82,25/03/2026,02:06:00,21,"lo-fi indie, ",EYELIDS,24/03/2023,57,6,0,33,10,20,-4,A Major,4,3Sb8uNflVynSu16m0zdt2x,GBSXS2200257,no
1033,fuera de vista (feat. Baco Exu Do Blues) (TROOKO�s Versi�n),"Run The Jewels,Baco Exu do Blues,Trooko",89,9B,78,25/03/2026,04:04:00,20,"hip hop, brazilian hip hop, brazilian trap, ",RTJ CU4TRO,09/11/2022,78,1,0,81,10,20,-7,G Major,4,1UHsGZoNGOROg2ZIiJYEjL,QMRSZ2203542,no
1034,Absolutely Tidy,"ILLAMAN,Pitch 92,PAV4N",91,11A,61,25/03/2026,02:51:00,20,"drum and bass, dubstep, bass music",Absolutely Tidy,05/04/2023,80,42,0,66,50,10,-8,F#/G? Minor,4,2OLXMMY73l5AZWZ5U5ETt1,FR96X2342878,yes
1035,Sekkle In,"Halogenix,Sparkz",172,11B,83,25/03/2026,03:45:00,20,"liquid funk, drum and bass, drumstep, jungle, uk garage, bassline",Earache / Sekkle In,04/11/2022,51,4,0,35,30,40,-2,A Major,4,7DzIYGJCzK1meLmAWK7DbZ,GBVPL2200078,no
1036,I Go Get It,"Souls Of Creation,Bobbie Johnson",106,9A,96,25/03/2026,02:11:00,20,,I Go Get It,15/09/2023,79,7,0,86,10,50,-4,E Minor,4,4ADaOjVuuwWbRrOyvayozt,GBCFB2250336,no
1037,Who Else Would It Be,KayCyy,142,3A,70,25/03/2026,01:31:00,22,,Who Else Would It Be,11/11/2022,66,0,0,16,0,0,-8,A#/B? Minor,4,3WbusxungaQoyYLe33Yepv,USSM12209416,no
1038,Get It,Kah-Lo,120,10B,78,25/03/2026,01:53:00,20,,Pain/Pleasure,07/09/2023,77,1,0,57,10,20,-5,D Major,4,5Oy1hOAnCit3XFyQVwIGOH,USSM12301776,no
1039,R.A.V.E.A.S.A.P (Unglued Remix),"Gardna,Unglued",172,4A,93,25/03/2026,03:32:00,19,"drum and bass, jungle, uk garage, liquid funk",R.A.V.E.A.S.A.P - The Remixes,14/10/2022,62,2,2,56,20,0,-4,F Minor,4,1FSy5JFWNsPj6hM2qIWr7W,FRX872236584,no
1040,MMM,"Skinny Local,Cartel Madras",114,5A,98,25/03/2026,02:24:00,16,"malayalam hip hop, ballroom vogue",MMM,10/03/2023,81,43,0,70,10,30,-3,C Minor,4,5ubj4AhuTnQ5qzuhv4CP3P,NLRD52220416,yes
1041,CHIHIRO,Billie Eilish,110,9B,43,25/03/2026,05:03:00,88,,HIT ME HARD AND SOFT,17/05/2024,70,14,88,52,0,0,-13,G Major,4,7BRD7x5pt8Lqa1eGYC4dzj,USUM72401988,no
1042,"She�s Gone, Dance On",Disclosure,134,12A,94,25/03/2026,03:46:00,76,house,"She�s Gone, Dance On",29/05/2024,53,0,79,38,0,0,-5,C?/D? Minor,4,29I9dv9Nq704w0Oc5yFGsR,USA2P2420371,no
1043,Sympathy is a knife,Charli xcx,132,6A,71,25/03/2026,02:31:00,71,"hyperpop, art pop",BRAT,07/06/2024,72,5,0,58,0,40,-6,G Minor,4,5c9tBmJKbTdn1vhzXHeAwW,USAT22401343,yes
1044,Midwest Indigo,Twenty One Pilots,116,1A,80,25/03/2026,03:16:00,69,,Clancy,24/05/2024,61,18,0,58,0,30,-5,G#/A? Minor,4,7GVQS66ukm48XZVymA3ZUg,USAT22402065,no
1045,God Gave Me Feet For Dancing (feat. Yazmin Lacey),"Ezra Collective,Yazmin Lacey",118,6A,66,25/03/2026,03:59:00,69,"jazz rap, indie soul, nu jazz, jazz pop, neo soul, uk r&b, alternative r&b","Dance, No One's Watching",27/09/2024,68,50,2,48,0,0,-9,G Minor,4,2mxQ3VWWk47YCo9RB2fkOk,USBQU2400077,no
1046,Apple Juice,Teddy Swims,113,4B,73,25/03/2026,03:02:00,67,,I've Tried Everything But Therapy (Part 1.5),26/04/2024,74,4,0,65,0,30,-6,G#/A? Major,4,0VccAZeCgMvsnoLnokOBoh,USWB12401482,no
1047,Neverender,"Justice,Tame Impala",117,11A,44,25/03/2026,04:26:00,67,"french house, new rave, neo-psychedelic, indie",Neverender,25/04/2024,56,3,0,42,0,20,-10,F#/G? Minor,4,0ccoGCaOFCxI6pHixrQpKj,FR8EU2300010,no
1048,Weak,"Vintage Culture,Maverick Sabre,Tom Breu",123,3A,68,25/03/2026,03:22:00,65,"brazilian bass, electronic, electro, ",Weak,19/01/2024,83,5,1,45,0,0,-8,A#/B? Minor,4,62gzfhHi2supfHWfi6iHbA,USZXT2353100,no
1049,places to be,"Fred again..,Anderson .Paak,CHIKA",174,6B,88,25/03/2026,03:46:00,65,"stutter house, house, edm, alternative r&b",places to be,31/05/2024,55,3,0,83,0,0,-5,A#/B? Major,4,561pBFcFL2Pwb9HPO9tU8J,GBAHS2400279,yes
1050,Entre las de 20,"Bizarrap,Natanael Cano",136,6A,74,25/03/2026,02:48:00,64,"argentine trap, trap latino, urbano latino, corridos tumbados, corrido, corridos b�licos, sad sierre�o, electro corridos, sierre�o, m�sica mexicana, banda",Endiamantado / Entre las de 20,03/04/2024,77,9,0,69,0,10,-6,G Minor,3,3184c0tjCakg9oaNZYJODD,UYB282401008,yes
1051,Lloret de Mar,Mata,105,5A,74,25/03/2026,02:05:00,62,,Lloret de Mar,16/09/2024,77,43,0,35,0,0,-6,C Minor,4,4S78rQHd6cSC8g2TfdNJTf,PL2B92400054,yes
1052,So Cold,Balu Brigada,111,3A,77,25/03/2026,03:21:00,61,,So Cold,07/06/2024,66,0,0,79,0,0,-6,A#/B? Minor,4,297PYWIVLP38C1a92ND8Kv,AUWA02400338,no
1053,Moving,OMAH LAY,119,9A,65,25/03/2026,02:20:00,64,"afrobeats, afrobeat, afropop, afro r&b, afropiano, afro soul",Moving,22/08/2024,75,26,24,35,0,0,-6,E Minor,4,2YNLzBRGyCAzHEGPO3J2Sb,USWB12402960,no
1054,A Tear in Space (Airlock),Glass Animals,93,8A,60,25/03/2026,03:23:00,61,,A Tear in Space (Airlock),07/06/2024,71,30,0,51,0,0,-7,A Minor,4,6Bi1Y7TD70eWTCKn7jsQQm,GBUM72400788,no
1055,"I P� ME, TU P� TE","Geolier,Michelangelo",118,8A,77,25/03/2026,03:07:00,62,"concerto, canzone napoletana, italian trap, neomelodico","I P� ME, TU P� TE",07/02/2024,64,12,0,47,20,0,-6,A Minor,4,3j1453KrdHjw7y4gnBj7nF,ITQ002400009,no
1056,Flicker of Light,Lola Young,175,8A,72,25/03/2026,03:19:00,60,,Flicker of Light,15/08/2024,44,0,0,38,0,10,-3,A Minor,4,3etbPFMXnAuShtcImz4UXW,GBUM72402080,yes
1057,Starburster,Fontaines D.C.,98,6B,86,25/03/2026,03:41:00,59,post-punk,Starburster,17/04/2024,51,7,0,37,0,0,-6,A#/B? Major,4,1cg4xD453Wuol9fNsRDbsV,GBBKS2400079,yes
1058,Dance No More (with Kaleena Zanders),"Sunday Scaries,Kaleena Zanders",127,3A,90,25/03/2026,03:22:00,59,,Dance No More (with Kaleena Zanders),25/08/2023,81,2,83,80,10,10,-5,A#/B? Minor,4,7gDgphzQU0urJU3AtoLJup,USUG12307216,no
1059,Ganeni,Elyanna,105,5A,73,25/03/2026,02:57:00,60,,WOLEDTO,12/04/2024,78,7,0,36,0,30,-5,C Minor,4,2qXSWquHZScT6OMJARM6Ql,USA2P2416653,no
1060,Cheerleader,Porter Robinson,148,5A,70,25/03/2026,03:57:00,62,"edm, electronic",SMILE! :D,26/07/2024,46,0,0,27,0,0,-3,C Minor,4,1ggsR5kCepKTW4F64bCFdV,USQE92400031,no
1061,Daisies,Good Neighbours,112,11B,82,25/03/2026,03:02:00,55,,Daisies,03/07/2024,56,9,0,65,0,20,-5,A Major,4,2PmoFIT5DrNn7ZHrZGdhVq,GBUM72403492,no
1062,YO LO SO��,"SAIKO,Omar Montes",132,11A,71,25/03/2026,02:55:00,58,"flamenco, flamenco urbano, flamenco pop",YO LO SO��,17/04/2024,55,42,0,55,10,30,-3,F#/G? Minor,4,1NTluDanyn4ET8RTYi0H1I,QM4TX2482879,no
1063,Break My Love,R�F�S DU SOL,100,12A,90,25/03/2026,04:20:00,57,,Break My Love,11/09/2024,58,5,11,10,0,10,-6,C?/D? Minor,4,3tqyv30P7pO53IAIUo8IeN,USRE12400414,no
1064,BENIN BOYS,"Rema,Shallipopi",115,3A,90,25/03/2026,02:49:00,55,"afrobeats, afrobeat, afropop, afropiano, amapiano, afro adura",BENIN BOYS,20/06/2024,80,54,0,67,10,10,-5,A#/B? Minor,4,5GX1wsJfvSXUobjDJgrVBD,NGUM72400001,no
1065,arco�ris,Young Miko,102,3A,54,25/03/2026,02:42:00,54,trap latino,att.,05/04/2024,76,22,0,59,20,20,-5,A#/B? Minor,4,7p4PLlIurk63ErUi6pErra,QZXD92300117,yes
1066,TAKA,"Ahadadream,Priya Ragu,Skrillex",128,10B,96,25/03/2026,02:54:00,54,"uk funky, dubstep, edm, electro, electronic",TAKA,22/03/2024,80,0,65,8,0,0,-4,D Major,4,645e3XeVtB7QYpl3RdJBil,USWB12400504,no
1067,Lights,"Hybrid Minds,Charlotte Plank",114,6A,66,25/03/2026,02:53:00,53,"liquid funk, drum and bass",Tides,22/03/2024,38,18,0,32,0,0,-4,G Minor,5,61CGtyyjeTQfIZ2Tm0mEq2,GBARL2301275,no
1068,What Do You Believe In?,Rag'n'Bone Man,88,3A,91,25/03/2026,03:10:00,52,,What Do You Believe In? (Deluxe),18/10/2024,58,27,0,56,0,10,-2,A#/B? Minor,4,7ESokqsg1i0OeVOdw77DzE,GBARL2400521,no
1069,The End,"Justice,Thundercat",79,7B,54,25/03/2026,04:14:00,52,"french house, new rave, ",Hyperdrama,26/04/2024,43,0,1,22,0,10,-10,F Major,4,5lhIY0YgH7JhszpQNUC1dm,FR8EU2300130,no
1070,That's How I'm Feeling,Jack White,128,10B,90,25/03/2026,03:11:00,57,"blues rock, garage rock",No Name,02/08/2024,58,25,12,85,10,10,-5,D Major,4,1PEjhR1CCdINF8TyM5s8LX,US3JJ2401118,no
1071,Evermore,"Ben B�hmer,Enfant Sauvage",134,2B,54,25/03/2026,03:25:00,54,"melodic house, melodic techno, progressive house, deep house, ",Bloom,27/09/2024,35,12,93,6,0,10,-9,F#/G? Major,4,05o0VN6ld61e3843bPgTyg,GBCFB2400399,no
1072,iAAM,Coldplay,120,5B,81,25/03/2026,03:03:00,52,,Moon Music,04/10/2024,60,11,0,39,0,10,-5,D#/E? Major,4,1uwmf1x4LQLGv1P1xjJFYk,GBAYE2400886,no
1073,"Run, Run, Run",McKinley Dixon,112,8B,89,25/03/2026,03:02:00,50,"jazz rap, experimental hip hop",Beloved! Paradise! Jazz!?,02/06/2023,67,28,0,73,10,20,-4,C Major,4,7gwO0ePo0xG2qjvQTgJvRJ,DED620072920,yes
1074,Turn The Page,"Overmono,The Streets",130,8B,87,25/03/2026,04:22:00,51,"uk garage, breakbeat",Turn The Page,24/04/2024,67,1,0,50,10,10,-4,C Major,4,038YxoOvHJKyFiXhqlVkil,GBBKS2400076,no
1075,FORMIDABLE,Tiakola,140,11B,58,25/03/2026,02:30:00,51,"french rap, pop urbaine, french r&b",FORMIDABLE,16/09/2024,85,49,0,61,10,50,-7,A Major,4,5CIu7QMbF0cdalpFsZbkDT,FR9W12443206,yes
1076,Trust,Jordan Rakei,99,10B,76,25/03/2026,03:26:00,51,"indie soul, neo soul",The Loop,10/05/2024,75,25,8,73,0,10,-7,D Major,4,4i6YTuChfl0hMZWRiK3OF1,GBUM72309909,no
1077,All You Children,"Jamie xx,The Avalanches",120,3A,82,25/03/2026,04:14:00,51,plunderphonics,All You Children,30/07/2024,76,0,11,43,0,50,-8,A#/B? Minor,4,1zYuc5YFYlFfSSq6IslHVY,UK7MC2400057,no
1078,Heard It Like This,"ACRAZE,Joey Valence & Brae",126,3B,89,25/03/2026,03:40:00,50,"tech house, ",Heard It Like This,20/10/2023,75,6,0,71,0,10,-6,C?/D? Major,4,6HtjJ09kCJbaQSrazLVEGr,USUM72314619,no
1079,Did It First (with Central Cee),"Ice Spice,Central Cee",154,3B,57,25/03/2026,01:58:00,52,"uk drill, drill, uk grime",Did It First (with Central Cee),10/07/2024,64,18,0,57,30,10,-8,C?/D? Major,4,5dEcxWlWnxbcumVEddVCUC,USUG12403638,no
1080,Gaga,"J Balvin,SAIKO",130,2A,66,25/03/2026,03:08:00,50,"reggaeton, latin, ",Gaga,11/07/2024,68,12,0,27,10,10,-8,D#/E? Minor,4,1CmXpRe5Z7bKhX9N0mzAZM,USUG12403476,yes
1081,Dola re Dola,"MEDUZA,Varun Jain",130,9B,94,25/03/2026,02:05:00,50,"hindi pop, desi pop, bollywood",Dola re Dola,16/02/2024,57,2,0,50,0,10,-7,G Major,4,1R0YUQ48qQQXFd9dLYifQw,GBUM72400959,no
1082,PAPI,"Andruss,Sam Collins",130,3A,93,25/03/2026,02:35:00,46,"latin house, techengue, tech house, tribal house, g-house",PAPI,14/06/2024,71,0,82,71,0,10,-8,A#/B? Minor,4,4CGGFdzBK2fp8QN9GxWwia,QZUCN2201766,no
1083,Incredible (feat. Labrinth),"Sia,Labrinth",86,9A,56,25/03/2026,03:33:00,46,,Incredible (feat. Labrinth),05/04/2024,75,48,2,46,0,20,-7,E Minor,4,3SOaoZ1AfhMjEMCJrdGKEw,USAT22400529,no
1084,"Ancora, Ancora, Ancora",BLANCO,113,9A,85,25/03/2026,02:45:00,45,concerto,Innamorato,13/04/2023,64,13,0,52,0,0,-3,E Minor,5,3Ipfe6NFwCvTtfBMl4NbBh,ITUM72300367,no
1085,King of Sweden,Future Islands,140,6A,83,25/03/2026,04:11:00,44,,King of Sweden,16/02/2022,61,1,53,66,0,10,-6,G Minor,4,3UBUSMQXobHQMXkKsv9dgy,GBAFL2200001,no
1086,VER KA�,Summer Cem,108,5A,77,25/03/2026,02:25:00,45,german hip hop,VER KA�,13/09/2024,90,57,0,89,0,10,-5,C Minor,4,4PrHQoEWfiqbwYfvpki3xf,DEA622403209,no
1087,Cafun�,"SOFI TUKKER,Channel Tres",125,3B,90,25/03/2026,04:31:00,43,hip house,BREAD,23/08/2024,62,0,0,49,0,20,-6,C?/D? Major,4,2VUx43mmxFTq3aTqB1D4x2,QM37X2400026,yes
1088,Come Alive,Phantogram,164,7A,81,25/03/2026,04:13:00,43,,Come Alive,23/08/2024,50,0,6,43,0,10,-5,D Minor,4,2TvwhdrUqEDUg0Z7LOmUOd,USA2P2450378,no
1089,Can�t Walk Away,"49th & Main,A Little Sound",77,11B,80,25/03/2026,02:51:00,42,"drum and bass, liquid funk",Can�t Walk Away,16/07/2024,60,3,0,46,0,20,-5,A Major,4,71SJspddigbl3qqVoMcRfJ,GBCFB2400771,yes
1090,Trouble,"Flight Facilities,Owl Eyes",123,11B,92,25/03/2026,03:20:00,41,"nu disco, ",Trouble,28/02/2024,68,2,26,80,0,0,-6,A Major,4,1tuAG0SRJUvRCUEU3O7c3j,AUFF02400003,no
1091,Vem,Non�,86,10A,86,25/03/2026,02:55:00,39,,Vem,13/09/2024,66,12,0,73,10,20,-3,B Minor,4,2Ga6DGCB9Lt5b8ls5UCSNp,QZUCN2201949,no
1092,Gardens III,Logic,93,2B,95,25/03/2026,05:14:00,40,,Ultra 85,09/08/2024,65,24,0,64,20,10,-3,F#/G? Major,4,52Howm9AUZTymhgCKoF4O5,QMRSZ2400084,yes
1093,Shook Up,"Erick the Architect,Joey Bada$$,FARR",133,9A,59,25/03/2026,02:36:00,40,"hip hop, jazz rap, rap, ",Shook Up,29/11/2023,86,31,0,54,10,10,-7,E Minor,4,1lF2SRGtxswe1MZvRRvgTA,FRIDO2314166,yes
1094,Nightmares,Alex Spencer,125,10B,69,25/03/2026,02:16:00,39,,Nightmares,23/05/2024,66,2,0,75,0,20,-10,D Major,4,0y2dLd7mtSzqUVn13B1sa9,USZXT2454412,no
1095,Tainted,"Dpart,Niall T",88,6A,89,25/03/2026,03:01:00,38,"drum and bass, bassline",Tainted,19/01/2024,56,2,5,26,0,30,-5,G Minor,4,6TMNz3UL1piuHox8CNvtgr,QZWFJ2385078,yes
1096,Call,Kasabian,128,10B,40,25/03/2026,02:30:00,39,"britpop, indie, indie rock",Call,21/02/2024,64,0,0,46,0,50,-6,D Major,4,1nNqKHLoMMzpQNhsZihMgC,GBARL2301701,no
1097,ItsNotREEAALLLLLLLL,"Fred again..,Duoteque,Orion Sun",125,3A,72,25/03/2026,05:27:00,55,"stutter house, house, edm, alternative r&b, bedroom pop",USB,06/03/2026,79,30,82,5,0,10,-9,A#/B? Minor,4,4I1Zcw0gm9P8wXT7JauAY3,GBAHS2400149,no
1098,Cards On The Table,Nia Archives,170,11B,93,25/03/2026,02:56:00,38,"jungle, drum and bass, uk garage",Cards On The Table,10/04/2024,60,1,0,44,10,30,-4,A Major,4,56NeC5RB6XA4ctZ8FctwG4,GBUM72311067,no
1099,Juanita,Ang�lica Garcia,130,10A,68,25/03/2026,03:46:00,39,,Gemelo,07/06/2024,65,1,0,67,0,30,-4,B Minor,4,20xUkZt5wVADOO7kZxGtpK,USBQU2200389,no
1100,Don't Ask,Kaeto,104,3B,84,25/03/2026,04:05:00,37,,Don't Ask,23/02/2024,77,36,4,64,0,10,-8,C?/D? Major,4,79bBVxV5lVioQrTtc9Nvgo,GBUM72307426,no
1101,reason,"salute,Karma Kid",135,3B,88,25/03/2026,03:49:00,37,"uk garage, stutter house, ",TRUE MAGIC,12/07/2024,68,0,0,74,20,30,-4,C?/D? Major,4,3n26Ovng64RtXwmRzfn5fi,GBCFB2400020,no
1102,Uptight,Home Counties,130,7B,80,25/03/2026,04:39:00,35,post-punk,Exactly As It Seems,03/05/2024,70,1,1,70,0,0,-7,F Major,4,5kDsYTx4hn1nmeUP633hGD,UKG3X2200241,yes
1103,Prove It To You,Brittany Howard,130,12A,71,25/03/2026,03:20:00,36,,What Now,09/02/2024,68,0,4,30,0,0,-7,C?/D? Minor,4,0w9eE1YhhHG4pTGK2eaWhs,USUG12306391,no
1104,MIKOTO ~SUN NO KUNI~ (feat. Tsubaki & Awich),"OZworld,Tsubaki,Awich",160,9B,85,25/03/2026,03:58:00,36,"j-rap, hip hop, j-r&b",SUN NO KUNI,06/09/2023,57,14,0,57,10,10,-5,G Major,4,7iykur6YUL7GvccjTt4g3e,JPX602300041,no
1105,On Sight,"DijahSB,Oh Hi Ali",105,2A,91,25/03/2026,02:37:00,36,"hip house, jazz rap, ",The Flower That Knew,17/11/2023,66,50,0,66,40,0,-6,D#/E? Minor,4,10MTlKhDjVG0oFvRUd1Oc5,CA5KR2388218,yes
1106,GODMOTHER (feat. Eden Ben Zaken),"Noga Erez,Eden Ben Zaken",180,10B,63,25/03/2026,03:11:00,36,mizrahi,GODMOTHER (feat. Eden Ben Zaken),21/08/2024,38,1,0,54,0,10,-5,D Major,4,72yhMb8kkkzWxM4UEPywPC,DED622400187,no
1107,Big Time Nothing,St. Vincent,102,10A,85,25/03/2026,02:58:00,35,art pop,Big Time Nothing,23/04/2024,76,0,1,86,0,30,-3,B Minor,4,6xlagfcOInH0YuFDTtRvt1,USA2P2401578,no
1108,U Want More,"Touch Sensitive,Telenova",125,7B,89,25/03/2026,03:33:00,36,,U Want More,22/03/2024,66,0,9,59,0,20,-6,F Major,4,7EKbzeNC4G9cKt6rjpwd5F,AUFF02400002,no
1109,Cartwheels,Soft Launch,147,3A,90,25/03/2026,02:04:00,35,,Cartwheels,02/04/2024,57,2,0,70,10,20,-2,A#/B? Minor,1,3tHyJBRSh4B8zwxmDNPVbf,GBAYE2400359,no
1110,Villains,"Gino,P Money",88,3A,79,25/03/2026,03:12:00,33,"drum and bass, bassline, rage rap",Villains,24/11/2023,76,0,0,27,0,20,-1,A#/B? Minor,4,4H3avdw1Rda5slnYS1EJhi,US38Y2305214,no
1111,Black&Blue,Vince Staples,138,11A,79,25/03/2026,03:18:00,35,,Dark Times,24/05/2024,67,1,1,37,0,10,-4,F#/G? Minor,4,1jQzmnsKQEvinCoBgKYrEX,USUM72405242,no
1112,Everybody's Different,Joe P,95,12B,96,25/03/2026,04:00:00,34,,Garden State Vampire,23/08/2024,48,0,0,50,0,30,-4,E Major,4,2EMniKj6ybqN7ASJ2h5WU4,USAT22403178,no
1113,Gangsta,"Free Nationals,A$AP Rocky,Anderson .Paak",160,8A,78,25/03/2026,03:14:00,34,"rap, ",Gangsta,23/02/2024,57,44,0,55,10,20,-5,A Minor,4,6KuAG2WahfdjpUm6ZU1y4v,USUYG1533997,no
1114,GOODTIME,Shelailai,124,10A,81,25/03/2026,02:44:00,10,,GOODTIME,11/06/2024,82,37,0,61,0,0,-5,B Minor,4,3CN6YEns6bX9k88E49tFbu,QZR8K2441301,yes
1115,Wikidest DJ,"Tseba,ELOQ",135,2B,89,25/03/2026,02:56:00,33,"uk garage, bassline",Wikidest DJ,05/04/2024,60,2,3,64,0,10,-7,F#/G? Major,4,23Vzz30Kuo6mvtC08pTBX0,AUFF02400020,no
1116,makes me (wanna move),"Bklava,bullet tooth",140,11B,97,25/03/2026,03:01:00,33,"uk garage, bassline, hard house",c u l8r,05/07/2024,67,0,44,76,0,20,-4,A Major,4,0Ma2y8tgYCUWDGxnA9Gw3i,USA2P2403381,no
1117,Feel Alive,"DJ Susan,Shift K3Y",129,11B,90,25/03/2026,03:09:00,33,"tech house, bass house, ",Feel Alive,15/03/2024,65,0,7,20,0,10,-6,A Major,4,6PCiKb4TDIEtLZppK9fqzM,QZUCN2201536,no
1118,My Reason,"NERVO,Hook N Sling",128,1A,84,25/03/2026,03:09:00,33,,My Reason,17/11/2023,74,1,32,28,0,0,-5,G#/A? Minor,4,71A6PWUOjJfIzS1soAAMZM,NLZ542301709,no
1119,Silence Of Love,"Tiga,Hudson Mohawke,Jesse Boykins III",124,8A,68,25/03/2026,04:10:00,34,"electroclash, neo soul, alternative r&b, afro house",Silence Of Love,01/11/2023,69,1,3,48,0,10,-8,A Minor,4,4oqrBk9A3WoouuMTDKGERh,DGA082396271,no
1120,NASSY,"Delfina Dib,Dr. Ryo",160,10B,93,25/03/2026,02:22:00,33,"latin r&b, ",NASSY,30/08/2024,69,10,0,54,10,10,-3,D Major,4,4nSHTVJ02gfFOlsaeXLtgM,QZNJZ2422783,no
1121,Allergy,Pa Salieu,189,10B,75,25/03/2026,02:32:00,33,"afroswing, grime, uk grime, uk drill",Allergy,13/09/2024,78,3,0,51,10,0,-7,D Major,3,64Ntvzfh6V4Cq7i4O1XxW9,GBAHT2400578,yes
1122,Lost In Mumbai,"Apashe,Geoffroy",125,1A,87,25/03/2026,03:00:00,32,,Lost In Mumbai,08/11/2023,76,3,2,12,0,0,-2,G#/A? Minor,4,3WZDLEcdZXE0TtLYrbJmmH,CA5KR2396551,no
1123,DESI TRILL (Remix),"DJ LYAN,Chip,Malkit Singh,YUNG SAMMY",124,10B,88,25/03/2026,02:40:00,29,"bhangra, desi, punjabi pop, grime, uk grime, afroswing, desi hip hop, hindi hip hop",DESI TRILL (Remix),24/11/2023,79,5,0,51,20,10,-4,D Major,4,0qMN3VcL0CiV369ck1IZph,USA2P2353831,no
1124,Soul,Arka,134,9B,77,25/03/2026,02:37:00,32,uk garage,Soul,22/08/2024,67,1,0,40,10,10,-7,G Major,4,61W3LCawqt9lqbuYHXivoy,USZXT2455220,yes
1125,Richer,AntsLive,164,8B,67,25/03/2026,02:57:00,30,,Richer,09/07/2024,68,3,0,45,20,30,-5,C Major,4,32EmVz19y2Q4e4vYxGsLZ8,QZUCN2201815,yes
1126,Big Man,"Self Esteem,Moonchild Sanelly",142,8B,86,25/03/2026,04:13:00,30,gqom,Big Man,19/06/2024,76,8,0,35,0,20,-3,C Major,4,10vuEcEgX3uG7NNf4rAp7k,GBUM72403307,no
1127,Blindside,"Monrroe,Sparkz",140,1B,88,25/03/2026,02:54:00,31,"liquid funk, drum and bass, uk garage, bassline",Blindside,03/11/2023,74,3,0,25,10,10,-5,B Major,4,3RP9Zaf1K2EQGmbcGfTssX,GBPWR2300089,no
1128,En Forma,Hinds,140,11B,81,25/03/2026,03:48:00,32,,VIVA HINDS,06/09/2024,57,1,15,81,0,10,-5,A Major,4,3YULPlrZVxe6T40gUP8E7w,GBJET2400011,no
1129,NOBODY // ME,Boston Bun,128,3B,76,25/03/2026,03:35:00,30,french house,NOBODY // ME,06/09/2024,74,1,5,34,0,20,-7,C?/D? Major,4,0uAD0jDNgK5d5MIxT5iBTH,AUFF02400130,no
1130,LDN PLNQ,"Busy Twist,Kombilesa Mi",120,7A,77,25/03/2026,04:14:00,30,"champeta, uk funky",LDN PLNQ,11/10/2023,89,3,0,39,10,10,-6,D Minor,4,4LWZjrwwKq6IsC0LLq3Dcr,GBAAP2300215,no
1131,Fighter,"Nu:Tone,Doktor,Gardna",174,9A,88,25/03/2026,03:22:00,32,"liquid funk, drum and bass, jungle, uk garage",Fighter,13/06/2024,57,14,0,23,10,30,-3,E Minor,4,7voFl01BoIdLzFRNDPjjc7,GBCJY2400558,no
1132,What Type Of Girl Am I?,Empress Of,121,10A,74,25/03/2026,02:33:00,26,,For Your Consideration,22/03/2024,75,9,0,89,0,10,-8,B Minor,4,5WBdze2PHKyrQdYglTF5T9,NL8RL2330272,yes
1133,Esc�ndalo,"Vale,YE?DRY",120,11B,58,25/03/2026,02:31:00,31,"latin indie, latin folk, ",Esc�ndalo,12/07/2024,74,5,0,37,10,80,-12,A Major,4,5rZ4PCqytdmyY44GmUP04w,USUM72404899,no
1134,JARAHA,"Alok,Br� MC's,Cole��o Som Nativo",110,3B,81,25/03/2026,02:21:00,27,"brazilian bass, electronic, slap house, electro house, ",THE FUTURE IS ANCESTRAL,19/04/2024,83,17,0,26,10,0,-6,C?/D? Major,4,6tZKAwKAHLlmqBRgbGcygk,BCAKL2100031,no
1135,Looking For A Way Out (Of Del Rio),Future Utopia,112,6A,85,25/03/2026,03:07:00,28,"jazz rap, neo-psychedelic",Looking For A Way Out (Of Del Rio),17/01/2024,66,0,66,77,0,10,-5,G Minor,4,3vOyu61SLPVWmfQLYgv7Gd,QMFMF2363746,no
1136,Billete,Los Rabanes,127,9B,86,25/03/2026,02:11:00,29,"ska, rock en espa�ol, mexican ska, latin rock",Los Hombres Tambi�n Lloran,26/01/2024,83,20,0,93,20,0,-4,G Major,4,1SZJ4NWbgf6i8Clttt1Wq4,QMVGK2300517,no
1137,Decimal,Biig Piig,118,10A,74,25/03/2026,02:32:00,26,,Decimal,11/10/2024,75,1,77,37,0,10,-9,B Minor,4,058hRZgfqpvT2YB2yfGAVr,GBARL2401183,no
1138,samba de rua,Pastel,130,12A,91,25/03/2026,02:34:00,28,,samba de rua,16/02/2024,74,1,67,72,0,0,-5,C?/D? Minor,4,2KAA9pNM75emBljtHSzwYr,QZUCN2201488,no
1139,Roses Ether,Maverick Sabre,112,11B,87,25/03/2026,02:58:00,27,,Roses Ether,06/09/2024,69,1,2,41,0,20,-5,A Major,4,6Ih6oi6CkOfkFaKvcQacw6,QMBZ92422076,no
1140,BABE,JUMADIBA,98,9B,94,25/03/2026,02:27:00,26,j-rap,BABE,26/06/2024,90,32,89,79,10,10,-5,G Major,4,5if52FGNH4mJFR2sh2PxC6,TCJPA2475532,no
1141,Tha Rhythm,Willo,140,3B,76,25/03/2026,03:15:00,26,stutter house,Tha Rhythm,15/03/2024,67,3,25,68,0,10,-6,C?/D? Major,4,1EA0Nnt49MfZdBOXZqFuje,AUFF02400011,no
1142,Hey Hey Hey,"Ana�s,Toddla T,Nadia Rose,LEVi",174,10A,93,25/03/2026,02:53:00,26,"drum and bass, jungle, uk funky, uk garage, bassline, grime, uk grime",Hey Hey Hey,16/02/2024,72,1,0,81,30,10,-3,B Minor,4,1lsgebKJsXBAgp45vsyPit,GBCJY2400534,no
1143,Should've Known (feat. Smino & Cedxric),"Buddy,Smino,Cedxric",176,1A,54,25/03/2026,03:03:00,26,,Don't Forget To Breathe,29/03/2024,69,5,0,60,80,10,-8,G#/A? Minor,4,4V8iRao70OTxshu74BMEBE,USUYG1529189,no
1144,Today,"Freq Motif,Kaleta",130,3B,86,25/03/2026,03:04:00,26,"disco house, nu disco, funky house",Today,04/08/2023,74,13,88,71,0,0,-6,C?/D? Major,4,1iOTdh9qWWdA238ZIBuh5T,QZNWS2345985,no
1145,Light Runner,GIFT,125,10B,98,25/03/2026,03:35:00,25,"neo-psychedelic, shoegaze",Light Runner,24/07/2024,49,0,43,39,0,30,-3,D Major,4,3AfwSzagDnKTUXc7lqVzdx,QMMZN2402604,no
1146,Tomorrow Man,Obongjayar,128,11A,81,25/03/2026,02:46:00,25,alt�,Just My Luck / Tomorrow Man,09/10/2024,72,5,0,84,10,0,-8,F#/G? Minor,4,5FnoiNGpUDvDf2jWh9oz4T,USQX92405347,no
1147,Gwara Gwara,Moonchild Sanelly,126,3B,77,25/03/2026,03:18:00,25,gqom,Gwara Gwara,13/09/2024,77,4,0,77,10,10,-6,C?/D? Major,4,3ITpuImbmMtavdxCPoYQsX,GBKZV2400056,yes
1148,On Job,"WAY2LATE,Keeya Keys,Confz",130,10A,70,25/03/2026,02:01:00,25,"uk garage, grime, uk grime, afroswing, drum and bass",On Job,16/09/2024,80,8,0,78,10,30,-3,B Minor,4,63bbcglKkosNVVJpN0q4EP,GX53U2317320,yes
1149,Black Eye,"SANITY,Kofi Stone",148,9A,88,25/03/2026,04:52:00,24,jazz rap,Black Eye,06/10/2023,79,31,0,69,30,40,-5,E Minor,4,67P2PR85vDePx5x2wvCL2V,UKRVG2300010,yes
1150,A.T.A,Delfina Dib,130,12A,76,25/03/2026,02:09:00,22,latin r&b,A.T.A,04/10/2024,75,22,0,64,10,20,-6,C?/D? Minor,4,17ee3ShvzGiJL9MYsSKaM9,QZTPX2498466,no
1151,Futuro Amor,Kat Dahlia,112,10A,70,25/03/2026,02:47:00,25,,Miami,02/08/2024,81,12,2,32,20,10,-6,B Minor,4,51SFG4BRBBefJqXdy9acFE,USUM72405441,yes
1152,Berghain (feat. Barney Bones),"Channel Tres,Barney Bones",116,10B,88,25/03/2026,03:09:00,23,"hip house, tech house",Berghain (feat. Barney Bones),03/05/2024,72,0,0,24,0,30,-8,D Major,4,3uqjvrA1xkjshN7HfKHkX6,USRC12401146,yes
1153,Babe Ruth,Dawn Richard,116,3A,80,25/03/2026,04:38:00,22,alternative r&b,The Architect,18/10/2023,62,4,9,47,0,30,-4,A#/B? Minor,4,0QaCx38AlY5Eg1QdIlIxpc,USMRG2383603,yes
1154,Wire,"1300,Easymind,oddeen",140,3B,77,25/03/2026,02:44:00,21,k-rap,GEORGE,17/04/2024,81,11,0,56,20,0,-7,C?/D? Major,4,57cnDGo73bLHCFAY5uIBJm,FR96X2466952,yes
1155,Just As Long As We're Together,Jalen Ngonda,171,5A,79,12/02/2026,03:14:00,66,retro soul,Just As Long As We're Together,13/03/2025,57,28,0,80,0,10,-6,C Minor,4,6uAt2PE7YB5gHeCAFeD7G6,USA2B2511897,no
1156,"Mi�anga (feat. BaianaSystem) [with Alok, Kawz]","SOMETHING ELSE,Stephan Jolk,Alok,BaianaSystem,Kawz",119,7A,93,12/02/2026,03:06:00,49,"afro house, melodic techno, melodic house, brazilian bass, electronic, slap house, electro house, new mpb, brazilian pop, ax�","Mi�anga (feat. BaianaSystem) [with Alok, Kawz]",24/01/2025,71,0,82,65,0,10,-6,D Minor,4,6wYfIm7ZNahRFw8c9QL3st,BCCNG2500012,no
1157,Cool With That,Tom Grennan,106,7B,96,12/02/2026,02:55:00,54,,"Everywhere I Went, Led Me to Where I Didn't Want to Be",15/08/2025,55,3,0,61,0,10,-2,F Major,4,4wxJZae52sNfAx6K5FTajL,GBARL2500058,no
1158,Cops & Robbers,"Sammy Virji,Skepta",136,11B,87,12/02/2026,02:41:00,62,"uk garage, bassline, bass house, house, grime, uk grime",Cops & Robbers,29/05/2025,83,20,0,43,10,30,-5,A Major,4,5pa2ZyJ3dIEmxRDW74msQi,GBUM72501973,no
1159,Gold,Myles Smith,83,1B,63,12/02/2026,02:44:00,63,,"A Minute, A Moment...",23/05/2025,58,43,0,52,0,20,-6,B Major,4,3hZo9UznjcWfJ9vkOho6Ea,GBARL2500429,no
1160,Generation Love,"AR/CO,Punctual,NewEra",128,6A,90,12/02/2026,02:59:00,56,,Generation Love,17/01/2025,66,4,0,9,0,10,-5,G Minor,4,4VN7zNElegROYZccUa4z4V,QZUCN2202097,no
1161,BOMBAY,KMB,100,10B,56,12/02/2026,02:15:00,53,italian trap,BOMBAY,27/03/2025,53,7,0,34,10,10,-8,D Major,4,76kL83yLBUnoDl8nqObsci,US38Y2524888,yes
1162,Fade Your Heart,Joy Crookes,129,3A,53,12/02/2026,03:34:00,48,alternative r&b,Fade Your Heart,25/09/2025,74,5,10,77,0,0,-9,A#/B? Minor,4,6HQcCZwTjqVeFsDha9U6YN,GBARL2501028,no
1163,Risk It All,Mergui,165,10B,94,12/02/2026,02:49:00,47,mizrahi,Risk It All,23/05/2025,55,11,0,55,10,10,-5,D Major,4,1c6bj876zIW0aApA07uW30,QZJDW2400020,yes
1164,Peace Of Mind,"Wesley Joseph,Danny Brown",76,10B,61,12/02/2026,02:09:00,48,"experimental hip hop, alternative hip hop",Peace Of Mind,08/01/2026,77,54,0,81,20,10,-7,D Major,4,0QDpFGGK0vPADxypanLHVz,US38W2546206,yes
1165,Symmetry,Ed Sheeran,98,4B,91,12/02/2026,02:48:00,62,soft pop,Play,12/09/2025,69,1,0,36,0,20,-6,G#/A? Major,4,1Xk4qOVBo2N4lA8RWJabjM,GBAHS2500263,no
1166,SAB�A QUE NO,reezy,130,7B,59,12/02/2026,03:02:00,69,german hip hop,SAB�A QUE NO,10/01/2025,85,12,1,35,20,30,-10,F Major,4,61lNxSCj38lvmZjJZuhXSt,DEKF22401926,yes
1167,Spin The Block,Master Peace,136,9B,82,12/02/2026,02:53:00,50,,Spin The Block,25/09/2025,68,0,17,66,0,20,-5,G Major,4,1f3LYv9fIs3o9pS8V3dwUP,QM24S2504577,yes
1168,Victory Lap,"Fred again..,Skepta,PlaqueBoyMax",140,1B,75,12/02/2026,02:45:00,83,"stutter house, house, edm, grime, uk grime, ",Victory Lap,18/06/2025,89,16,0,58,10,0,-3,B Major,4,1lbNgoJ5iMrMluCyhI4OQP,GBAHS2500558,yes
1169,Disco Nap,"Polo & Pan,Metronomy",116,5A,61,12/02/2026,03:14:00,57,"french indie pop, french house, new rave, alternative dance",22:22,28/03/2025,72,8,16,94,0,0,-6,C Minor,4,54nlaNy6QVyFAZkTKWdVAP,FRPDG2400210,no
1170,London Burning (feat. Idris Elba & Peter Xan),"Rudimental,Idris Elba,Peter Xan",155,8A,95,12/02/2026,03:17:00,44,"dancehall, ",RUDIM3NTAL (Deluxe),22/08/2025,59,1,0,58,20,30,-4,A Minor,4,40VCEeAVM4s0OXVPmNRLlg,GBARL2401655,no
1171,Our Home,Myd,132,8B,96,12/02/2026,03:33:00,52,"french indie pop, french house",Mydnight,29/08/2025,78,9,7,39,0,0,-6,C Major,4,5r29ub7D58nOi0vZbnvWGv,FR0NT2500040,no
1172,Mercy,"Bou,DRS",174,3A,97,12/02/2026,02:35:00,42,"drum and bass, bassline, jungle, liquid funk",B-Sides Mixtape,18/07/2025,65,0,39,46,0,0,-4,A#/B? Minor,4,7GO4vjpgfn7WGhhfizIJc3,GB8KE2516390,no
1173,y3llow bike,hard life,95,7B,82,12/02/2026,02:54:00,47,,y3llow bike,24/06/2025,68,30,0,61,10,10,-5,F Major,4,4vo4KkMSWRQCD7xpufEHdU,GBUM72501535,no
1174,Back On You,Djo,131,8B,47,12/02/2026,05:23:00,60,,The Crux,04/04/2025,74,35,7,27,0,10,-6,C Major,4,50xPaSwYLoKZrLhPyuHwvC,QM4TW2525825,no
1175,Spike Island,Pulp,113,9B,89,12/02/2026,04:42:00,50,"britpop, madchester",Spike Island,10/04/2025,58,0,0,53,0,0,-6,G Major,4,6g6DnHs3W4U6qMERbKwpDd,GBCVZ2500003,no
1176,UYUNI,Rels B,111,7B,68,12/02/2026,02:37:00,64,"urbano latino, trap latino",afroLOVA 25',20/06/2025,72,27,0,49,30,10,-8,F Major,4,1Hq9DR1s1DZIlpNZMEFA0v,UYB282529394,no
1177,People Need People,Good Neighbours,95,9B,87,12/02/2026,02:45:00,47,,People Need People,03/09/2025,54,1,0,40,0,10,-6,G Major,4,6VVSeMov6UkLXMtNgMtGF7,GBUM72501427,yes
1178,BENZ ??,sheng,122,5A,71,12/02/2026,02:33:00,46,"hyperpop, french pop",J'SUIS PAS CELLE ????,07/02/2025,85,29,0,50,0,10,-6,C Minor,4,1daxajC4T6mdbEZLq73zKe,FR8O22400350,no
1179,Kimpton,"Barry Can't Swim,O'Flynn",122,9A,67,12/02/2026,03:48:00,50,"jazz house, disco house",Kimpton,16/04/2025,53,6,93,13,0,30,-9,E Minor,4,1wxZ9pAu1nW79Toy255OFz,GBCFB2501495,no
1180,LAST CHANCE,Mild Minds,129,8B,71,12/02/2026,03:36:00,45,stutter house,GEMINI,21/02/2025,61,13,88,19,0,10,-7,C Major,4,57fTauh6qVyTISEpDc69HA,GBCFB2401154,no
1181,Vacay,Amin�,125,5A,66,12/02/2026,02:22:00,41,,13 Months of Sunshine,15/05/2025,84,20,0,49,10,20,-7,C Minor,4,28t3hQwbHDfjwqZOWrFN6T,QZJ842501432,no
1182,WASSUP,Young Miko,145,12A,68,12/02/2026,02:42:00,74,trap latino,WASSUP,25/04/2025,86,0,0,66,0,10,-5,C?/D? Minor,4,32SJM4tQyJHsB8rgVtZURn,QZXD92300153,yes
1183,P�jaro Cantor,"�cido Pantera,Cantora de Barro",131,8B,85,12/02/2026,04:38:00,40,"electrocumbia, ",P�jaro Cantor,26/09/2025,67,2,4,77,10,0,-7,C Major,4,6odGtiVKetw1IxyOYomG8Z,QZTPX2515642,no
1184,Beat Keep Rockin',Starjunk 95,140,1A,83,12/02/2026,03:03:00,56,"rally house, breakcore",Beat Keep Rockin',14/02/2025,75,0,48,51,0,10,-7,G#/A? Minor,4,11RXJgrGmyPJEtbOJ9ZFYQ,FR10S2529596,no
1185,UFO,"UFOs,Braxe + Falcon,Phoenix,Alan Braxe,DJ Falcon",172,9B,67,12/02/2026,04:33:00,52,"french house, disco house, indie",UFO,23/09/2025,42,12,71,5,0,10,-10,G Major,4,7pA7CZIJUpcD5X0QpLlESx,GBCEL2500420,no
1186,Flowers,"Bag Raiders,Panama",127,10A,72,12/02/2026,03:53:00,43,"alternative dance, ",Flowers,16/08/2024,59,1,48,16,0,20,-6,B Minor,4,55qMAQxnxF1chuekaqOwoJ,AUFF02400105,no
1187,MA3LISH,"DYSTINCT,3robi",98,9B,90,12/02/2026,02:40:00,53,"moroccan pop, moroccan rap",BABABA WORLD,13/06/2025,68,5,0,61,0,10,-4,G Major,4,0JMhQxKjiNTsV2NSTZyfSN,NL2BN2500034,no
1188,Dumb Feeling,Mei Semones,98,7B,45,12/02/2026,03:10:00,44,"japanese indie, indie jazz",Dumb Feeling,04/02/2025,43,88,1,27,0,10,-11,F Major,4,2fF1a2k5TX0hpzcRv8YQCd,QM6YT2506602,no
1189,KOFFEE,Original Koffee,110,11A,76,12/02/2026,02:27:00,52,"dancehall, afrobeats, reggae",KOFFEE,29/04/2025,72,18,0,75,10,10,-5,F#/G? Minor,5,0dWKOf4DweFGtwUvSmbdbj,USA2P2514732,yes
1190,Ni Billo,"Raf Saperra,Ikky",106,1A,81,12/02/2026,02:52:00,47,"bhangra, punjabi hip hop, punjabi pop, desi",Renaissance,11/07/2025,79,14,0,82,0,20,-3,G#/A? Minor,4,51Crm6R1lS4K5T9LaRBSoy,GBUM72503488,no
1191,Iajo,"Catching Flies,Fejk�",124,3B,85,12/02/2026,04:38:00,43,"downtempo, melodic house",Iajo,04/06/2025,58,0,86,5,0,10,-7,C?/D? Major,4,6fWaPTrp9PnPwd9l3U3Keo,FRX202569532,no
1192,And Nothing Is Forever - Cosmodelica Electrick Eden Remix,"The Cure,Cosmodelica",120,9B,71,12/02/2026,08:41:00,43,"new wave, post-punk, gothic rock, darkwave, ",Mixes Of A Lost World,13/06/2025,65,0,66,38,0,10,-8,G Major,4,7lCigpVcuNTxtYjz8JMatB,GBUM72501776,no
1193,Cry Cry Cry,King Princess,164,12B,80,12/02/2026,02:58:00,40,,Cry Cry Cry,15/07/2025,56,4,0,79,0,60,-4,E Major,4,7khKM6qJ3Yg48VOxLVoKNj,USBQU2400272,yes
1194,KI KORI,"Mumzy Stranger,Muza,DESI TRILL",115,10B,75,12/02/2026,03:12:00,42,"bhangra, desi, uk funky, bangla pop, desi pop, hindi hip hop, desi hip hop",KI KORI,02/04/2025,89,3,0,47,0,20,-4,D Major,4,38dtSU1EOymK4YLWBvY3s2,USA2P2507702,no
1195,Jilala,"Malka,MAGI",130,2A,73,12/02/2026,02:07:00,40,mizrahi,Jilala,25/09/2025,60,12,15,82,0,10,-7,D#/E? Minor,4,4c1BF0KkZHqvEBKSKRBFJj,CBEFB2501468,no
1196,Stay In Your Lane,"Taiki Nulight,P Money,Jolie P",140,12A,70,12/02/2026,02:47:00,37,"bass house, bassline, g-house, uk garage, grime, uk grime, drum and bass",Stay In Your Lane,27/09/2024,75,1,0,38,20,10,-6,C?/D? Minor,4,7IZob0kGvXPYCQGalppif3,GBUM72405753,no
1197,Your Love - Antdot Remix,"PLS&TY,Sofiya Nzau,Antdot",122,9A,85,12/02/2026,02:57:00,67,"afro house, afro tech, organic house",Your Love (Antdot Remix),13/10/2023,68,0,8,40,0,60,-6,E Minor,4,4SylEKPh0HWqJep7CfISHk,QM24S2307037,no
1198,Surfin',Boy Amor,80,9A,73,12/02/2026,03:40:00,45,,Surfin',20/09/2024,50,6,45,9,0,0,-8,E Minor,4,1ZmCYjCIenkXd8Ia59t0TJ,QMBZ92437183,no
1199,All The Good Men,Silver Gore,108,10B,78,12/02/2026,01:57:00,42,,All The Good Men,15/08/2025,73,18,0,46,0,10,-6,D Major,4,1lHsjpIJ9aFOkz4w4yduzt,GBUM72501772,no
1200,Conversation,Kojey Radical,85,8B,80,12/02/2026,02:31:00,38,alt�,Conversation,10/07/2025,65,1,0,69,0,60,-7,C Major,4,6wMnZzsRUWQAENpnqTmIJk,GBAHS2500317,yes
1201,Save Your Breath,Brent de la Cruz,128,11B,70,12/02/2026,03:28:00,40,,Save Your Breath,05/05/2023,65,34,0,48,10,10,-5,A Major,4,7wYrX3lfP6XCkVrBOumI5q,QZHN52355765,no
1202,SHARK,Reaper,108,7A,67,12/02/2026,06:57:00,42,,SHARK,12/09/2025,65,0,52,27,0,0,-6,D Minor,4,2BXR22CKOUPARbYeIVATqJ,QM24S2504898,no
1203,"Bang Bang (feat. Stylo G, Riko Dan & Frisco)","Friction,Stylo G,Riko Dan,Frisco",87,4A,95,12/02/2026,02:49:00,45,"drum and bass, liquid funk, bassline, dancehall, hindi hip hop, soca, desi hip hop, uk garage, grime, uk grime","Bang Bang (feat. Stylo G, Riko Dan & Frisco)",05/11/2024,62,9,0,31,0,20,-3,F Minor,4,3jzfiKtkueyzmvWVelVwtk,GBARL2401270,no
1204,Colours In My Mind,Kofi Stone,84,11A,66,12/02/2026,03:20:00,40,jazz rap,A Man After God's Own Heart,04/10/2024,75,23,0,30,30,20,-9,F#/G? Minor,4,7DtYIqJmvYjDdBkgXTQInD,DGA0L2406005,yes
1205,Flores Blancas,"Faul & Wad,4Rain,Anlly Mar�n",125,2B,94,12/02/2026,03:12:00,44,"afro house, tropical house, guaracha, electronica, latin house, tribal house, afro tech",Flores Blancas,24/01/2025,74,1,3,6,0,0,-5,F#/G? Major,4,4eCDvHu3fUH35yIiajE8wX,USUS12500005,no
1206,Heartfalls (feat. Caleb Virgo),"Sonnee,Caleb Virgo",123,3B,79,12/02/2026,03:22:00,41,"stutter house, ",Heartfalls (feat. Caleb Virgo),21/03/2025,69,6,53,7,0,10,-7,C?/D? Major,4,6AlTHpfu0unvKz7uc3PFVv,DEA622500337,no
1207,Gimme Ocean,Yuno,156,12B,75,12/02/2026,04:18:00,43,,Blest,16/05/2025,28,0,0,15,0,0,-5,E Major,4,1tT6hPNKVUWt5VOElEBx4S,USSUB2446009,no
1208,Ain't I Good For You,Yazmin Lacey,109,7B,81,12/02/2026,02:41:00,50,"indie soul, jazz pop, neo soul, uk r&b, alternative r&b",Ain't I Good For You,10/06/2025,76,29,0,94,0,0,-6,F Major,4,77WEFz4sR98WRO01patyZm,GX7TZ2500012,no
1209,Better Days,"KILIMANJARO,AMAKA",120,11A,83,12/02/2026,03:00:00,44,"afro house, ",Better Days,08/08/2025,76,1,4,35,0,0,-6,F#/G? Minor,4,4ncYt6zcpeT7TdKy5XQ8Mu,GBUM72504619,no
1210,Take Me Home,Bearcubs,134,8B,68,12/02/2026,02:59:00,47,,Take Me Home,30/05/2025,77,3,34,51,10,0,-6,C Major,4,4sEmzYN4u5TqD5fAUrlSb5,FRD9M2501120,no
1211,Higher,Jack Garratt,125,4A,80,12/02/2026,04:06:00,32,,Pillars,15/08/2025,37,0,8,15,0,10,-8,F Minor,4,6dHDAN11EumdtROJSUzZ3j,GBCEJ2500037,no
1212,Eatin' Good,Woodcamp,126,10A,75,12/02/2026,03:41:00,3,"rally house, house",Eatin' Good,20/09/2024,87,14,34,88,0,0,-9,B Minor,4,1NIxmZsepizxk5Nv7oxVhP,GX53U2328368,no
1213,Girl Like Me,PinkPantheress,137,11A,100,12/02/2026,02:25:00,84,bedroom pop,Fancy That,09/05/2025,68,2,0,77,0,30,-4,F#/G? Minor,4,7aYGCP34Xo6XujY7Ix1DxB,GBAYE2500031,no
1214,like JENNIE,JENNIE,130,3A,70,12/02/2026,02:03:00,64,k-pop,Ruby,05/03/2025,80,15,0,77,0,0,-5,A#/B? Minor,4,6nWWuodRc3aJS7aLrflaqF,USQX92501034,no
1215,Upset & Aggressive,Dominic Fike,92,12B,71,12/02/2026,02:31:00,56,,Rocket,22/08/2025,65,6,11,62,0,10,-7,E Major,4,2IaME6ZbdnNc2CvDeRFhhj,USQX92504467,yes
1216,Gone,HAIM,105,6B,84,12/02/2026,04:19:00,41,,I quit,20/06/2025,49,17,0,51,20,0,-6,A#/B? Major,4,7GB9nHKwwLs9mdbjErqK4H,GBUM72501094,yes
1217,..THUS IS WHY ( I DON�T SPRING 4 LOVE ),Saya Gray,136,9B,50,12/02/2026,03:29:00,55,,SAYA,21/02/2025,69,65,0,51,0,10,-9,G Major,4,29UD619bhwDjNXvuSh6cDz,GBK3W2403074,no
1218,PASSE A RESPEITAR,"Papatinho,Naldo Benny,Fernanda Abreu,BK,DJ Chernobyl",130,4A,80,12/02/2026,01:54:00,42,"brazilian hip hop, brazilian trap, funk melody, samba, mpb, brazilian pop, brazilian rock, boom bap, miami bass, brazilian phonk",MPC (M�sica Popular Carioca),30/05/2025,87,17,0,75,0,0,-4,F Minor,4,7pNRL7S26wxE7afedHhQPt,BRUM72500581,no
1219,PARALLEL,"Liza,7",129,12B,68,12/02/2026,01:44:00,50,"j-rap, j-r&b",PARALLEL,18/10/2024,90,3,0,89,10,30,-3,E Major,4,6t2hernNP059dFBRyBKLKT,JPPO02404658,no
1220,Run Free,Soulwax,108,11A,88,12/02/2026,04:40:00,41,"electroclash, new rave, alternative dance",All Systems Are Lying / Run Free,09/07/2025,64,2,34,26,0,10,-6,F#/G? Minor,4,6FpGarU82UbiZXyI7Dyh6M,UKS362500281,no
1221,MOVING ON,Weval,121,11A,79,12/02/2026,03:45:00,45,,CHOROPHOBIA,05/09/2025,66,10,76,18,0,20,-9,F#/G? Minor,4,1SGK2L1DpXc0IaCIg8UyCq,GBCFB2500191,no
1222,Sunshine,"D.O.D,RAHH",126,6A,75,12/02/2026,02:57:00,51,house,Sunshine,30/05/2025,68,3,0,53,0,0,-6,G Minor,4,3lx9HS7No2pTJxPZRgdPdX,NLF712503419,no
1223,Wild Inside,The Glitch Mob,130,11B,95,12/02/2026,03:37:00,0,"glitch, dubstep",Wild Inside,08/11/2024,65,2,76,38,0,80,-5,A Major,4,6r8MoYtlJVn9Isd3ieXFGY,QMDA72403066,no
1224,U,Jadu Heart,137,3A,94,12/02/2026,03:38:00,40,indie soul,U,20/11/2024,59,1,60,16,0,0,-5,A#/B? Minor,4,02N9mCw2pOMe1P6ZLY3KAG,UKQY82400014,no
1225,Mountain Top,RIO KOSTA,98,3B,62,12/02/2026,04:03:00,57,,Unicorn,18/07/2025,61,5,79,54,0,50,-10,C?/D? Major,4,0AqWEuMIS9ZF26VwlfXW0j,QM4TX2591519,no
1226,Sisters,Sofia Kourtesis,130,9B,85,12/02/2026,03:55:00,39,lo-fi house,Volver,01/08/2025,68,3,36,85,0,40,-9,G Major,4,6jcWES73UWbzwFFsTxJzZS,GBCFB2500231,no
1227,Lippy,"Joy Orbison,Overmono,Skiifall",132,11A,73,12/02/2026,02:55:00,47,"uk garage, breakbeat, ",Lippy,23/06/2025,71,31,0,33,20,10,-6,F#/G? Minor,4,5ReIuSLbXCAUYkg9v0NR7b,GBBKS2500168,yes
1228,Colors Turn Grey,Jersey,102,4B,77,12/02/2026,03:29:00,41,stutter house,Over & Over,11/10/2024,61,2,17,8,0,40,-7,G#/A? Major,4,1X08JgF7RkIT2sLIMHowOb,FR9W12441411,no
1229,Camale�n,Joalin,178,6B,74,12/02/2026,03:17:00,40,,CAMALE�N,20/06/2025,22,20,0,11,10,50,-6,A#/B? Major,4,6Z9ygFFq7MEzVDbpKiZoRV,GBAAP2500262,no
1230,GREEN LIGHT,"Moses Yoofee Trio,ENNY,Moses Yoofee,Noah F�rbringer,cowboyklobe",112,3A,76,12/02/2026,02:55:00,41,"nu jazz, jazz fusion, experimental jazz, uk r&b, alternative r&b, soul jazz",GREEN LIGHT,08/11/2024,59,3,2,75,10,0,-9,A#/B? Minor,4,752bn2V69weT2NKka3Fz5F,DEXO32493761,no
1231,We Can Pretend,Baby Universe,98,11B,89,12/02/2026,04:26:00,36,,We Can Pretend,15/09/2025,53,0,8,32,0,20,-7,A Major,4,7msBqHVeABojkm6AvMxrjC,CBEFB2501372,no
1232,Emotions,John Glacier,152,3B,67,12/02/2026,03:24:00,40,experimental hip hop,Like A Ribbon,14/02/2025,56,0,0,15,0,50,-6,C?/D? Major,4,5MIjWtoQYHEifN8KGHuPAU,UK7MC2300196,yes
1233,DEAD,Sudan Archives,160,3B,66,12/02/2026,04:08:00,40,"alternative r&b, indie soul",DEAD,03/06/2025,51,3,45,12,0,20,-8,C?/D? Major,4,6r2VHQDYBLFnuBqzE0V2Or,US2S72513056,no
1234,Slumber,"DNMO,Confz",174,11A,95,12/02/2026,03:00:00,44,drum and bass,Slumber,14/11/2024,51,0,0,28,20,10,-2,F#/G? Minor,4,4lGEf5Lfh2T5MYT4H5Atr6,GB2LD2410507,no
1235,Lately,"Benjamin Francis Leftwich,cheapcuts",120,12B,79,12/02/2026,05:37:00,39,"indie folk, ",Lately,25/09/2025,69,12,12,23,0,0,-5,E Major,4,3kNUXtmCEA1v6gD6ze7uHo,CBEFB2501467,no
1236,Gritar,Pahua,128,10A,87,12/02/2026,03:00:00,36,"latin alternative, electrocumbia, latin indie",Gritar,11/07/2025,71,17,40,29,0,10,-8,B Minor,4,5r1JdY6MDonNCHvv8cUS9g,QZWV32507039,no
1237,SCORPION,Jazz Alonso,104,10B,68,12/02/2026,03:24:00,37,,SCORPION,29/11/2024,64,3,0,26,0,20,-7,D Major,4,0wnvDdOhIhzxfELTPBJx57,QZZ782458782,no
1238,Not In Surrender,Obongjayar,135,11B,75,12/02/2026,03:19:00,41,alt�,Paradise Now,30/05/2025,72,1,1,36,0,0,-7,A Major,4,1RP8ezSFLQ3hIDQ3GqKbw7,USQX92500298,no
1239,Fun,Deki Alem,130,2B,85,12/02/2026,03:08:00,49,,Forget In Mass,08/08/2025,68,0,10,91,0,0,-8,F#/G? Major,4,4z1pGD8WGQmBHxcyju2QiM,SE6XY2516259,no
1240,pond song,Wet Leg,125,10B,72,12/02/2026,02:58:00,54,"indie rock, indie",moisturizer,11/07/2025,72,0,57,76,0,10,-7,D Major,4,7uX75Chj1OWg2rMZNaDIT8,GBCEL2400963,no
1241,all 4 the best,"PARTYOF2,Jadagrace,SWIM",78,3B,69,12/02/2026,02:26:00,38,,we owe you an explanation,14/03/2025,48,30,0,39,30,10,-6,C?/D? Major,4,4olBokBHDLXksIqxf2veyE,USUM72501166,yes
1242,Sonido de la Casa,Kinky,110,4B,90,12/02/2026,04:27:00,36,"rock en espa�ol, mexican rock, latin alternative, mexican indie",Sonido de la Casa,15/05/2025,61,2,36,45,0,70,-7,G#/A? Major,4,2a7iKpWPhpaINphd4lCe2b,MX1722501968,no
1243,GOOD TIME GIRL,INJI,135,3B,95,12/02/2026,02:32:00,39,,GOOD TIME GIRL,06/06/2025,71,2,23,78,10,10,-5,C?/D? Major,4,6A2CEALbfAIbxbYUy2ya6e,QM7282537643,no
1244,Headliner,Graft,110,6A,83,12/02/2026,02:59:00,0,"grime, uk grime",Golden Child,30/08/2024,49,14,0,78,10,20,-6,G Minor,5,24AlQe7eGRsNZE0e7gX73D,USZXT2453971,yes
1245,Something Real (feat. Psweatpants),"VLURE,Psweatpants",114,10B,88,12/02/2026,03:23:00,37,,Something Real (feat. Psweatpants),30/07/2025,51,0,0,15,0,30,-6,D Major,4,1lVKKIs57NBOnRc4kNuCoF,GBCKC2500046,yes
1246,Modern Man,MORN,100,10B,91,12/02/2026,04:09:00,36,,Modern Man,29/05/2025,33,0,0,43,10,20,-5,D Major,4,10VAsXITsdLNv3kWjB2Omu,UK5EV2500005,yes
1247,MOTO,Tshegue,104,3A,72,12/02/2026,02:59:00,36,,MOTO,20/06/2025,87,0,37,17,0,30,-7,A#/B? Minor,3,44XhnPbTET1lEvQK8pdgoT,FR9W12534292,no
1248,IMPOSTOR,CA7RIEL & Paco Amoroso,113,9A,75,12/02/2026,02:37:00,63,,PAPOTA,06/03/2025,77,43,0,72,10,10,-6,E Minor,4,4Jx56iDETiOYzYSgW1CcmM,US5022500032,yes
1249,Universe (feat. iDA HAWK),"Big Wild,iDA HAWK",130,6B,84,12/02/2026,04:54:00,38,,Universe (feat. iDA HAWK),06/06/2025,54,1,0,39,0,60,-8,A#/B? Major,4,5XMsLJ0CXP2h8qfFi7so7m,NL8RL2518755,no
1250,Poor Business Man,Lover's Skit,188,3B,95,12/02/2026,03:30:00,34,,All Rights Reserved,19/09/2025,52,0,0,83,30,50,-2,C?/D? Major,4,3LfxeB0bMo2fcJCmdHib5f,GBUM72503073,no
1251,There�s No More Underground,Master Peace,158,11B,82,12/02/2026,02:14:00,37,,There�s No More Underground,05/09/2025,19,0,1,35,0,10,-4,A Major,4,3FRVbgqA7pVAJ0VBnXsrIK,QM24S2504576,yes
1252,Flood,"Little Simz,Obongjayar,Moonchild Sanelly",112,9A,63,12/02/2026,02:47:00,48,"alt�, gqom",Lotus,06/06/2025,85,15,82,63,10,10,-11,E Minor,4,3m9g8ua3M51JvqmS8rh6bS,QM4TW2517490,yes
1253,Heaviness,Falle Nioke,135,2A,64,12/02/2026,03:44:00,35,,Heaviness,15/09/2025,62,47,30,53,0,10,-8,D#/E? Minor,4,2Xgo2uCqGH4LMS14yHbodv,GX7JL2500004,no
1254,Love On the Big Screen,Animal Collective,111,3B,77,12/02/2026,03:25:00,35,"neo-psychedelic, indie rock",Love On the Big Screen,25/06/2025,55,0,0,58,0,10,-5,C?/D? Major,4,2arA4UjtVVKh7Gvyi03T68,GBCEL2500267,no
1255,DON�T LISTEN,corto.alto,108,10B,75,12/02/2026,02:57:00,41,"nu jazz, indie jazz, jazz fusion, experimental jazz",DON�T LISTEN,19/06/2025,74,2,92,49,0,50,-9,D Major,4,6T7XVB4A3sDkcD22DgzeqJ,GBCFB2500253,no
1256,Festas e Manequins,"Ebony,AG Beatz",193,8B,77,12/02/2026,02:04:00,47,,KM2,12/05/2025,51,11,0,53,40,30,-6,C Major,4,6hCl3kZA2zWOSN3wxnxpcP,BREBY2500004,yes
1257,Erasure,Gurriers,131,10B,88,12/02/2026,03:09:00,42,post-punk,Erasure,09/09/2025,62,3,0,37,20,0,-4,D Major,4,4h3HGVqnpR2wvFo8QTM2YR,GXCT62400018,no
1258,Millennium Freak,"Nick Le�n,Esty,mediopicky",145,12A,83,12/02/2026,02:29:00,36,"neoperreo, uk funky",A Tropical Entropy,27/06/2025,67,3,58,47,0,0,-8,C?/D? Minor,4,2XHpYk5tPivm8fJxLjmf8y,COAB11900246,no
1259,Followers,"AREA21,Martin Garrix,Maejor",145,1B,80,20/09/2021,02:57:00,53,"edm, progressive house, electronica, ",Followers,17/09/2021,56,16,0,35,0,30,-4,B Major,4,5sPoju3oZHg9Wq5KXxBH3a,USHR12142090,no
1260,Oliver Twist,ArrDee,140,1B,81,03/09/2021,02:54:00,57,"uk drill, drill, grime, uk grime",Oliver Twist,03/06/2021,73,35,0,85,30,40,-4,B Major,4,6mSzsSdu0CWIV70jEjWMhI,GBUM72102854,yes
1261,You Shaped Hole,Baby Queen,95,6B,88,03/09/2021,02:59:00,0,,You Shaped Hole,13/07/2021,61,16,0,83,0,20,-4,A#/B? Major,4,6EDUMn3BJw6bI9JjigYZm1,GBUM72102651,yes
1262,The Mission,Bakar,94,3A,44,03/09/2021,03:11:00,56,,The Mission,19/08/2021,71,19,0,39,0,10,-7,A#/B? Minor,4,4CGORuRtjSK6xMy8s1VvSS,GBARL2100686,no
1263,Landline,binki,157,4A,93,03/09/2021,02:40:00,2,,MOTOR FUNCTION,13/08/2021,51,0,14,61,0,0,-4,F Minor,4,5H9wA29ptgnn7mXAHKhUKc,US4HB2100314,no
1264,Disarm,BLOODMOON,126,5A,67,23/02/2022,04:16:00,0,,Disarm,23/02/2022,58,48,0,29,0,30,-6,C Minor,3,0KL0lhLgQ2SlpfENW6dnQq,AUFF02100323,no
1265,Baob�,Caio Prado,114,10A,62,03/09/2021,03:54:00,0,new mpb,Baob�,04/12/2020,49,41,0,35,0,10,-6,B Minor,4,1LVnJMY8uMOs16ZLMS5CDz,BRTCD2000028,no
1266,Last Chance,Casper Caan,120,1B,81,03/09/2021,04:14:00,0,,Last Chance,25/05/2021,64,30,3,40,0,10,-5,B Major,4,5fzv5pSMV69Glau4SPsyc4,GBKPL2150216,no
1267,Eyes on the Prize,"Che Lingo,Tamaraebi",127,9A,98,03/09/2021,03:04:00,40,,Eyes on the Prize,03/09/2021,68,49,0,87,20,60,-1,E Minor,4,4VQ2SIxZaQLj61sE3FTsYi,UKS3T2100010,yes
1268,Good Girls,CHVRCHES,87,4B,80,03/09/2021,03:19:00,1,synthpop,Good Girls,12/07/2021,53,0,0,35,0,20,-6,G#/A? Major,4,7rvEHS085Fy3OBX2pjstGP,GBZN82100007,yes
1269,skeletons,hard life,115,8A,73,03/09/2021,02:58:00,55,,life's a beach,28/05/2021,78,2,0,52,0,50,-8,A Minor,4,0K0JJ3QZEHYhBwkE21L2HZ,GBUM72006405,no
1270,Inner Light,"Elderbrook,Bob Moses",121,12B,71,03/09/2021,04:17:00,71,,Inner Light,30/07/2021,65,0,1,13,0,0,-8,E Major,4,40tPP3K10yMZxwnT65REKj,GBAYE2100859,no
1271,I Want,ENNY,113,1A,64,03/09/2021,03:22:00,40,"uk r&b, alternative r&b",I Want,01/06/2021,72,4,0,75,20,10,-10,G#/A? Minor,4,2k9E1OlHPxIKT6y46726Mv,QM6N22127820,yes
1272,Trepidation - Single Edit,"Feiertag,Msafiri Zawose",117,3B,68,03/09/2021,03:03:00,41,,Trepidation,25/06/2021,68,17,45,53,0,50,-8,C?/D? Major,3,0kSDqVS3um3zpxOdIzGLM5,DEP962100018,no
1273,Summer Night,"Garden City Movement,Lola Marsh",110,8A,78,20/09/2021,03:31:00,0,,Summer Night,17/09/2021,80,13,3,51,0,20,-6,A Minor,4,3hEiXdw2qh4zLbHPmkzvmp,IL4040102001,no
1274,Apartment 402,girl in red,125,4A,44,03/09/2021,03:25:00,0,bedroom pop,if i could make it go quiet,30/04/2021,44,68,86,5,0,10,-8,F Minor,4,4HHa6HZxKsgTLldpwQPs4D,GBKPL2136770,no
1275,I Don't Wanna Talk (I Just Wanna Dance),Glass Animals,132,9B,62,10/09/2021,03:15:00,66,,Dreamland (+ Bonus Levels),09/09/2021,70,2,0,81,0,30,-6,G Major,4,6IbCvfmmICEEAyDwQ9zcbt,GBUM72105458,yes
1276,Free My People (feat. Simmy & Kid Cruise),"Greentea Peng,SIMMY,Kid Cruise",108,3A,42,03/09/2021,03:37:00,37,"alternative r&b, neo soul, ",Free My People (feat. Simmy & Kid Cruise),31/05/2021,84,12,66,57,0,10,-7,A#/B? Minor,4,4T4YHAdlrEzL5Jsb1XnbGA,GBUM72102245,no
1277,Tenfold,Harvey Causon,110,4B,68,03/09/2021,03:26:00,0,jazz house,Tenfold,26/08/2021,69,1,1,29,0,10,-8,G#/A? Major,4,2nonjjRLAPZMyImevwuqQR,GB2DY2100500,no
1278,The Hill,Hendrix Harris,108,1A,53,20/09/2021,02:41:00,0,,The Hill,20/09/2021,80,10,0,23,0,10,-8,G#/A? Minor,4,23OvE72D48i0Cv3faNnQb7,QMFME2126706,yes
1279,Mad,Hope Tala,100,5A,80,03/09/2021,03:48:00,40,alternative r&b,Mad,16/06/2021,71,41,23,81,0,0,-8,C Minor,4,49U0v3W8dVb48l1Dd2DtyG,GBUM72103007,no
1280,Totally,Inhaler,97,3B,72,03/09/2021,03:56:00,51,,It Won't Always Be Like This,09/07/2021,62,0,0,37,0,0,-7,C?/D? Major,4,0VzmboMWQmJsFRLN4kNAX5,GBUM72100035,no
1281,Do You Remember The Times,ISLAND,138,11B,95,03/09/2021,03:44:00,43,,Do You Remember the Times,18/05/2021,57,14,0,61,0,0,-3,A Major,4,54MoFn8dZpwraIs6k4gqtR,USJMZ2100003,no
1282,Feet Don't Fail Me Now,Joy Crookes,113,2B,84,03/09/2021,03:18:00,76,alternative r&b,Feet Don't Fail Me Now,16/06/2021,66,17,0,57,0,10,-3,F#/G? Major,4,1GVkrFVc94CTjm9bdSmGjp,GBARL2100616,no
1283,Talk About It,Jungle,127,6A,82,03/09/2021,03:24:00,0,,Talk About It,02/06/2021,55,6,1,59,0,40,-4,G Minor,4,2eDnBPn2A8qIDexujBC6Fy,GBKPL2144812,no
1284,Subida,"Karol Conk�,RDD",110,8A,75,01/10/2021,02:37:00,33,"brazilian pop, brazilian hip hop, new mpb",Subida,30/09/2021,84,6,0,73,0,20,-4,A Minor,4,3h0MdHT5y596qK1sOOVqKf,BXKOA2100001,no
1285,Well Rested,Kero Kero Bonito,112,3B,88,03/09/2021,07:10:00,0,,Civilisation II,21/04/2021,63,0,30,30,0,70,-7,C?/D? Major,4,2as0SjHe6BVgirrR7GMqzY,GBKPL2141497,no
1286,War Outside (feat. Lex Amor),"Kojey Radical,Lex Amor",140,3A,56,23/09/2021,03:56:00,42,"alt�, ",War Outside (feat. Lex Amor),21/09/2021,79,2,0,60,20,0,-5,A#/B? Minor,4,06eTOJlWZlR8mcLgFpUT0D,GBAHS2100823,yes
1287,Donne Moi,KOKOKO!,120,9B,66,01/10/2021,04:23:00,33,,Donne Moi,01/10/2021,80,16,21,69,0,10,-7,G Major,4,3idZm3zQWjvstOFl1xrMh5,GBKZV2100143,no
1288,Fear No Man,Little Simz,99,1A,79,03/09/2021,04:03:00,0,,Sometimes I Might Be Introvert,03/09/2021,61,61,1,89,0,10,-7,G#/A? Minor,4,6bLkNijhsnr1MWYrO6XnRz,GBWWP2106851,yes
1289,Yesterday,Loyle Carner,92,10A,98,03/09/2021,02:48:00,54,"jazz rap, indie soul",Yesterday,11/11/2020,43,7,0,42,40,10,-3,B Minor,4,0pRyOQjr12h9RBEFmhbTQc,GBUM72005335,no
1290,Motion,Luke Hemmings,131,1B,87,03/09/2021,03:29:00,46,,Motion,21/07/2021,50,2,0,51,0,10,-3,B Major,4,7lOlKhTXmv4sMxyhjsWwn8,AUBM02100210,no
1291,Only One Man (with Melody's Echo Chamber),"Moodo�d,Melody's Echo Chamber",112,8B,77,03/09/2021,03:10:00,36,"french indie pop, french pop, neo-psychedelic, dream pop, psychedelic rock",Only One Man (with Melody's Echo Chamber),07/04/2021,74,1,2,76,0,0,-7,C Major,4,2bBrRe20ZB7pJMQaNJ4nwk,FR6P12001710,no
1292,Seguimos,Morad,90,5A,62,03/09/2021,04:48:00,52,,Seguimos,05/03/2021,68,2,0,37,0,10,-6,C Minor,4,1MrRrD8A0aUdRcuAhCh1Ui,QM4TX2148003,no
1293,fuego (feat. GABIFUEGO) - Spotify Studio 100 Recording,"Musti,Jelassi,GABIFUEGO",100,10A,70,03/09/2021,02:44:00,36,"norwegian hip hop, norwegian pop, latin indie",fuego (feat. GABIFUEGO) [Spotify Studio 100 Recording],19/03/2021,78,0,0,63,0,10,-7,B Minor,4,2hYNimCc8MwLGMzCZI4IfR,NOXPR2100003,yes
1294,Love Love Love,My Morning Jacket,178,10B,84,20/09/2021,03:42:00,0,"jam band, alt country",Love Love Love,14/09/2021,53,2,6,57,10,10,-6,D Major,4,4wdW9m2fsc8nR7RBNqLkX0,USATO2100131,no
1295,Glidin� (feat. slowthai),"Pa Salieu,slowthai",110,11B,77,03/09/2021,03:17:00,48,"afroswing, grime, uk grime, uk drill",Glidin� (feat. slowthai),03/06/2021,88,17,0,94,30,10,-4,A Major,4,5zOqYPTcgiTAZfnKUbaNSf,GBAHT2100376,yes
1296,Tunnel,"Polo & Pan,Channel Tres",120,10B,51,03/09/2021,05:10:00,45,"french indie pop, french house, hip house",Tunnel,04/06/2021,73,12,71,38,0,10,-9,D Major,4,3ys5J8MAFYex3zO7n9VduT,FRPDG2100200,no
1297,Hallelujah,Polyamory,120,4A,86,29/09/2021,04:35:00,0,,Hallelujah,29/09/2021,67,3,93,94,0,10,-9,F Minor,4,08iGl8EBVsjQtbVshTxISu,GBPVV2003894,no
1298,Feels Like Summer,Public Order,96,9A,85,03/09/2021,02:45:00,0,,Feels Like Summer,23/07/2021,52,4,0,28,0,20,-5,E Minor,4,7c7AOmZidBP4FRvvuYz5A1,ZZOPM2106461,yes
1299,Demon,"Sad Night Dynamite,Moonchild Sanelly",99,3B,55,05/10/2021,03:42:00,0,gqom,Demon,05/10/2021,79,14,9,39,10,20,-8,C?/D? Major,4,7n9xHlUg4xTcgyGpTn3rUm,USAT22105965,yes
1300,Get You Down,Sam Fender,158,10B,97,16/09/2021,04:23:00,42,,Get You Down,08/09/2021,39,0,10,40,0,20,-5,D Major,4,6xETlaZOaKtxiU60FK1uM2,GBUM72103038,no
1301,seaside_demo,SEB,95,8B,82,03/09/2021,02:12:00,5,,seaside_demo,17/05/2021,71,36,0,86,0,10,-8,C Major,4,1SgUjGzbmmMOsGFTVwQ59L,QZ93L2115464,no
1302,High Way,Shango SK,130,12A,54,20/09/2021,02:50:00,34,uk r&b,High Way,19/09/2021,62,27,0,25,0,0,-13,C?/D? Minor,4,6iy3NF9nFyIjxNe9nMDX2h,QMDA62109751,no
1303,Before The Morning Comes,sir Was,102,5A,70,20/09/2021,03:32:00,0,,Before The Morning Comes,20/09/2021,77,4,16,70,0,10,-10,C Minor,4,05aW1nYQQESYivIRRQIFCh,GBCSG2100053,no
1304,Lifetime (with Ty Dolla $ign & 070 Shake),"Swedish House Mafia,Ty Dolla $ign,070 Shake",100,10A,72,03/09/2021,03:06:00,1,"edm, trap soul, ",Lifetime,19/07/2021,59,2,0,14,20,90,-8,B Minor,4,3zQpGaH50HeMjxurMZVF6q,USUG12103398,no
1305,Act Up,Terry Presume,102,9A,76,03/09/2021,03:04:00,55,,What Box?,29/07/2021,75,30,0,78,10,10,-6,E Minor,4,1Oqr9YhCi3JmuHcyHDBhf8,QM6N22185391,no
1306,The Darkness That You Fear,The Chemical Brothers,128,11B,81,03/09/2021,06:05:00,49,"big beat, alternative dance, electronic, breakbeat",The Darkness That You Fear,23/04/2021,55,7,37,21,0,10,-5,A Major,4,4ahFzFAZRpfWaGbA2J3dAq,GBUM72101144,no
1307,Demba,"TSHA,Trio Da Kali",128,10B,64,03/09/2021,05:09:00,40,,Demba (Demi Riqu�simo Remix),11/01/2021,72,11,14,52,10,10,-7,D Major,4,38s6iiOu26spsFZKj8BtfM,GBCFB2000435,no
1308,A Teen,"V.I.C,Milad Derakhshani",124,11B,54,03/09/2021,03:21:00,54,,A Teen,13/05/2021,91,16,0,92,10,10,-12,A Major,4,3N23avLnmgSKQEfMPub95G,QZK6M2011006,no
1309,Two Seater,Willow Kayne,98,9B,49,03/09/2021,02:27:00,0,,Two Seater,28/04/2021,78,19,0,54,10,10,-9,G Major,4,788yey6NqYJ9IjGcv93K0Z,GBARL2001622,yes
1310,The Overload,Yard Act,145,1B,93,22/09/2021,03:16:00,22,post-punk,The Overload,07/09/2021,64,18,0,75,10,10,-5,B Major,4,451xeVoxnIaPJwzZYW08ss,GBUM72104003,yes
1311,Fallin' Apart,"Young Franco,Denzel Curry,Pell",111,12B,80,03/09/2021,02:04:00,46,,Fallin' Apart,27/11/2020,77,5,0,81,30,60,-8,E Major,4,2qKmnm0cEXnvD82C6Sr2hs,AUNE32000133,yes
1312,Ojitos Lindos,"Bad Bunny,Bomba Est�reo",80,2A,69,09/09/2025,04:18:00,88,"reggaeton, trap latino, latin, urbano latino, latin alternative, electrocumbia",Un Verano Sin Ti,06/05/2022,65,8,0,27,0,50,-6,D#/E? Minor,4,3k3NWokhRRkEPhCzPmV8TW,QM6MZ2214888,no
1313,Ahora y Siempre,"Quevedo,Linton",119,12B,63,09/09/2025,02:29:00,55,,Ahora y Siempre,11/12/2021,66,72,0,42,0,40,-8,E Major,4,60cjWFWxGrR5ODt5bqxqIP,SE62M2128790,no
1314,Spitting Off the Edge of the World,"Yeah Yeah Yeahs,Perfume Genius",110,10B,72,09/09/2025,04:17:00,74,"indie rock, art pop",Cool It Down,30/09/2022,41,0,0,8,0,0,-6,D Major,4,0JX23XA8E7aN1Chj32kgVn,US38W2247001,no
1315,Rice,Young Fathers,105,2B,80,09/09/2025,02:39:00,25,experimental hip hop,Rice,09/01/2023,56,2,0,28,0,30,-7,F#/G? Major,4,4zvJOqQjIA1KEfH5smPq6K,GBCFB2200366,no
1316,Obsessed With You,Central Cee,143,5B,83,09/09/2025,01:48:00,70,"uk drill, drill, uk grime",23,25/02/2022,75,19,0,90,0,30,-4,D#/E? Major,4,4oxGI8yyghLuMV7ybRG3kg,ZZOPM2110165,yes
1317,Finesse,"Pheelz,BNXN",102,12A,55,09/09/2025,02:35:00,69,"afrobeats, afrobeat, afropop, afropiano, afro adura, afro r&b, afroswing, alt�, afro soul",Finesse,03/03/2022,86,56,0,78,10,10,-8,C?/D? Minor,4,4Gasn91fsCefnN8zM5GjA8,QZQAY2239272,no
1318,SAOKO,ROSAL�A,100,8B,77,09/09/2025,02:17:00,68,latin,MOTOMAMI,18/03/2022,83,79,0,73,20,50,-6,C Major,4,2FYGZDfsAnNsrm1gVbyKnG,USSM12109218,yes
1319,You've Done Enough,"Gorgon City,DRAMA",125,8B,78,09/09/2025,03:32:00,61,"house, indie soul",Olympia,25/06/2021,68,1,17,52,0,70,-7,C Major,4,77VqW84V88aKD8Bi8CzEsP,GBUM72006904,no
1320,Fils de joie,Stromae,63,3B,64,09/09/2025,03:15:00,62,french pop,Multitude,03/03/2022,55,46,0,88,20,0,-8,C?/D? Major,4,6w2jx3gzQAtoKP22czcANv,BET672100004,no
1321,Waterfall,"Disclosure,RAYE",128,10A,73,09/09/2025,03:52:00,61,"house, ",Waterfall,22/03/2022,69,2,0,83,0,0,-7,B Minor,4,3X2Aw6bQ7TfMMKsTzjTlDg,GBAKX2200022,no
1322,forever&more,ROLE MODEL,168,11B,65,09/09/2025,02:56:00,59,bedroom pop,Rx,08/04/2022,64,28,0,48,10,10,-6,A Major,4,1BzYFQWjXHLZ0c7AGJtL1Z,USUM72111019,no
1323,Nail Tech,Jack Harlow,150,3B,56,09/09/2025,03:26:00,58,,Nail Tech,18/02/2022,68,1,0,10,0,10,-8,C?/D? Major,4,62Yo3FDddWY8ydu6PW2wyz,USAT22200223,yes
1324,TIERRA ZANTA,"Trueno,Victor Heredia",105,12A,81,09/09/2025,03:57:00,61,"argentine trap, trova, nueva trova, folklore argentino, latin folklore, latin folk, folclor andino, argentine rock, murga",BIEN O MAL,12/05/2022,56,55,0,31,20,40,-5,C?/D? Minor,4,73zQG7t3tZDyePEflVSqJJ,ARH7D2200005,no
1325,Madan (King),Bakermat,126,5A,64,09/09/2025,03:03:00,58,tropical house,Madan (King),17/06/2022,66,1,7,30,0,10,-6,C Minor,4,5EGAY1Txvi5A3hFkYYGsXx,NLQ8X1700127,no
1326,Big Talk,SOFY,152,3B,56,09/09/2025,03:17:00,63,,Big Talk,19/08/2022,69,62,0,66,0,10,-6,C?/D? Major,4,39W9pHDCfUcw3zJSYb3HNJ,GB8MX2200781,no
1327,Pull Up,Original Koffee,103,9B,47,09/09/2025,02:51:00,55,"dancehall, afrobeats, reggae",Gifted,25/03/2022,81,15,7,59,0,0,-6,G Major,4,6VZc5PlI7bLmgCYjODYLnG,GBARL2101934,no
1328,papi bones (feat. shygirl),"FKA twigs,Shygirl",95,9B,63,09/09/2025,03:40:00,58,"art pop, alternative r&b, hyperpop",CAPRISONGS,14/01/2022,74,7,0,58,20,50,-6,G Major,4,5W2s4S60GoNsUthU51aUb8,USAT22200030,yes
1329,On Your Own,"Hayden James,Cassian,Elderbrook",125,9A,94,09/09/2025,03:43:00,54,"melodic techno, melodic house, progressive house, ",LIFTED,08/04/2022,66,1,34,34,0,10,-6,E Minor,4,5chP2SaqqY0QkENMp1yg5x,AUFF02200025,no
1330,Wanna Stay (feat. Dear Sunday),"Luude,Dear Sunday",174,10B,83,09/09/2025,02:26:00,55,"drum and bass, surf rock",6AM,03/09/2021,44,0,0,5,0,10,-6,D Major,4,0fxPhCN2eRixZxxgzZzwiY,AUDCB1701848,no
1331,Forbidden Feelingz,Nia Archives,108,1A,80,09/09/2025,02:46:00,53,"jungle, drum and bass, uk garage",Forbidden Feelingz,14/10/2021,51,13,23,55,10,10,-7,G#/A? Minor,5,0wrs5ucXutScEWOhdWdGBB,FRX762135892,no
1332,Rips in Jeans,Niko B,112,11A,68,09/09/2025,02:43:00,54,,Rips in Jeans,30/09/2022,86,26,0,50,20,10,-5,F#/G? Minor,4,7K0ga2R3IgiwDOZlk9SC9n,QMDA62232564,no
1333,Aquamarine (feat. Michael Kiwanuka),"Danger Mouse,Black Thought,Michael Kiwanuka",87,3B,88,09/09/2025,03:58:00,53,"east coast hip hop, soul",Cheat Codes,12/08/2022,61,6,0,78,20,60,-8,C?/D? Major,4,4so0c8plnJDYDCZtZCfsHr,GB5KW2200504,no
1334,Tonight (feat. Ezra Koenig),"Phoenix,Ezra Koenig",142,4B,74,09/09/2025,04:06:00,48,"indie, ",Tonight (feat. Ezra Koenig),07/09/2022,67,5,0,89,0,10,-7,G#/A? Major,4,4JvFNFTjEtZyEzh8w0YzHF,FR9W12219594,no
1335,Baby Queen,Gorillaz,75,8B,86,09/09/2025,03:40:00,49,,Baby Queen,04/11/2022,53,0,38,46,0,0,-5,C Major,4,0dFwiyWPwC2yML3ZH7B56V,GBAYE2200463,no
1336,Run em Down,"Graham Lake,Avelino",132,8B,67,09/09/2025,02:36:00,46,"grime, uk grime, afroswing",Run em Down,04/03/2022,72,2,0,59,0,40,-4,C Major,4,6p2qoyg0qauFKy84UMjbmu,SEUM72200099,no
1337,Voodoo (with J Balvin & Tainy),"Badshah,J Balvin,Tainy",100,2A,78,09/09/2025,03:18:00,49,"bollywood, desi, desi hip hop, hindi pop, hindi hip hop, desi pop, reggaeton, latin",Voodoo (with J Balvin & Tainy),22/04/2022,80,0,0,50,0,10,-5,D#/E? Minor,4,4OUAXw3SXI7bUiNtKC7ErW,INUM72200083,yes
1338,Lift Off,Labrinth,130,8A,85,09/09/2025,03:04:00,48,,Lift Off,29/07/2022,82,42,0,96,0,10,-7,A Minor,4,3ZcLmonVVD1MTQtmQb8yf3,USSM12106350,no
1339,Zatoichi [Feat. slowthai],"Denzel Curry,slowthai",83,1A,73,09/09/2025,03:30:00,48,"grime, uk grime",Melt My Eyez See Your Future,25/03/2022,46,11,0,25,10,20,-8,G#/A? Minor,4,7jn0ATNNqtWgDk8wLYa3gw,USC4R2211736,yes
1340,Kuzola,Pongo,97,5A,78,09/09/2025,03:55:00,48,kuduro,Baia,03/05/2019,65,9,0,65,0,10,-5,C Minor,3,2aDPkl4GCO2b53goL5Ia4W,FRQ821700002,no
1341,Made of Gold,"Ibeyi,Pa Salieu",94,1B,35,09/09/2025,03:48:00,50,"afroswing, grime, uk grime, uk drill",Spell 31,06/05/2022,78,3,0,18,0,0,-6,B Major,4,2dOlQsivPlIDjgISeoTJQw,GBBKS2100225,no
1342,Walking On Water (feat. TEED),"The Knocks,TEED",125,6A,61,09/09/2025,03:36:00,41,"nu disco, ",Walking On Water (feat. TEED),14/01/2022,77,40,52,22,10,20,-7,G Minor,4,2CAQr9uW764IVG1eIQyeSg,USAT22107650,no
1343,Behind The Sun,ODESZA,140,11A,93,09/09/2025,04:10:00,47,"chillwave, chillstep",The Last Goodbye,22/07/2022,60,1,60,36,0,10,-4,F#/G? Minor,4,0dhKGbQFIUnfjozzISQvuj,GBCFB2200135,no
1344,Otomo,"Bonobo,O'Flynn",126,9A,84,09/09/2025,06:11:00,47,"trip hop, downtempo, nu jazz, electronic, disco house",Fragments,14/01/2022,67,0,86,4,0,10,-9,E Minor,4,59QNyVtGhYoDnpO6T1e4yR,GBCFB2100678,no
1345,Sorry I'm Not Sorry,"P Money,Whiney",175,3B,90,09/09/2025,03:34:00,43,"grime, uk grime, drum and bass, bassline, liquid funk, jungle","Streets, Love & Other Stuff",06/10/2023,57,1,0,70,0,10,-3,C?/D? Major,4,4Zf5mePGslKje78fPv9D9T,GBCJY2200065,yes
1346,Drive,moa moa,98,10B,81,09/09/2025,03:28:00,48,,Drive,17/11/2021,48,1,0,9,0,40,-6,D Major,4,5OTZXDxcrbRqv6DzI1R2mm,UK9AV2101761,no
1347,First Flight To Mars,Ark Woods,160,8A,55,09/09/2025,03:07:00,47,,First Flight To Mars,19/09/2022,61,0,0,56,0,0,-7,A Minor,4,6UKz34hAzN9swLxG4Fz9i4,US3DF2278865,no
1348,Quiet On Set,Remi Wolf,100,11B,57,09/09/2025,03:15:00,44,,Juno,15/10/2021,84,1,0,65,20,0,-5,A Major,4,1MayFYhQQvVD4IzD7dqBBj,USUG12102510,yes
1349,Ounana,Bianca Costa,130,12A,72,09/09/2025,02:31:00,44,,Ounana,22/09/2022,77,19,7,86,0,0,-6,C?/D? Minor,4,5vG6arj1VenNFvm33XTAoP,FRZ042200892,no
1350,Playground,Bru-C,170,7B,84,09/09/2025,03:52:00,43,"drum and bass, bassline",Playground,26/05/2022,68,2,0,45,10,10,-5,F Major,4,1Rv0Xew7tgajMBfd2XpsHJ,GBUM72203368,no
1351,Falling Apart,Sea Girls,110,8B,88,09/09/2025,03:20:00,43,indie,Falling Apart,06/09/2022,57,0,0,57,0,20,-4,C Major,4,48DEKIyp57dlFy7Yn2O12V,GBUM72205205,yes
1352,READY4DEM,"Watch the Ride,Emz",85,3A,89,09/09/2025,04:22:00,43,"jungle, drum and bass, uk garage, bassline",READY4DEM,25/02/2022,75,0,0,50,0,20,-2,A#/B? Minor,4,7CHVm8NeCxvPuCXyAGAx3v,GBCJY2200079,no
1353,Let Me Be Great [Feat. Ang�lique Kidjo],"Sampa the Great,Angelique Kidjo",96,9A,69,09/09/2025,03:54:00,43,afropop,"As Above, So Below",09/09/2022,63,11,0,67,40,10,-6,E Minor,4,7sXjwoCydLIZlJ1WpIyh9J,USC4R2213942,yes
1354,Sirens (feat. Caroline Polachek),"Flume,Caroline Polachek",141,11A,75,09/09/2025,03:58:00,42,"future bass, art pop",Palaces,20/05/2022,40,12,0,9,0,10,-3,F#/G? Minor,4,0Zkca5LCqbU9iXOlwDTOTB,AUFF02200011,no
1355,Must Be Love,"Tseba,Electric Fields",122,7B,92,09/09/2025,04:30:00,44,,Must Be Love,07/05/2021,55,6,18,74,10,10,-6,F Major,4,5bIcHT2jjWqm9UVpIJwIId,AUFF02000072,no
1356,ALL THE HIGHS,San Holo,145,5B,73,09/09/2025,03:26:00,40,"future bass, edm, melodic bass",EXISTENTIAL DANCE MUSIC,15/09/2023,56,14,1,45,0,10,-6,D#/E? Major,4,3xU4XbMp9L8noYTUw7y7gv,QZUCN2200160,no
1357,Stuck In The Middle,Greentea Peng,100,3B,41,09/09/2025,02:46:00,41,"alternative r&b, neo soul",Stuck In The Middle,10/06/2022,83,22,4,49,0,10,-10,C?/D? Major,4,5f7us9O5oOi4QqSpehe3Qo,GBUM72203283,no
1358,40-16 Building,Nas,178,9B,88,09/09/2025,02:55:00,40,"old school hip hop, east coast hip hop, hip hop",Magic,24/12/2021,45,7,0,26,20,10,-2,G Major,4,7LbIccTR3F9yYaWmMGMKtn,QMFMF2116331,yes
1359,a-okay,"blackwave.,Abhi The Nomad",112,10A,57,09/09/2025,03:40:00,40,"jazz rap, ",a-okay,09/06/2022,83,20,0,59,10,10,-8,B Minor,4,70I8nlO75XOU0IPXcnT5gj,BEFM12100002,yes
1360,Hello Alien,Nathan Day,94,6B,73,09/09/2025,03:25:00,41,,Hello Alien,16/09/2022,56,1,0,33,0,0,-6,A#/B? Major,4,4apqIevNZl1POiQccrGWls,USAT22214680,no
1361,Dog Food (feat. Denzel Curry),"IDK,Denzel Curry",105,9B,89,09/09/2025,03:04:00,41,,Simple.,06/05/2022,70,0,0,37,0,50,-5,G Major,4,2WTbnYggqMxe2SIixTrooY,USWB12201163,yes
1362,Run Run,Shenseea,160,1A,86,09/09/2025,03:06:00,39,"dancehall, soca, afrobeats",Run Run,16/07/2021,65,9,0,92,0,10,-4,G#/A? Minor,4,2SJm5XYmsKvzPaHI3mW1GB,USUM72111392,no
1363,Pedi,Baby Tate,138,8B,80,09/09/2025,02:05:00,39,,Mani/Pedi,30/09/2022,91,1,61,87,0,30,-6,C Major,4,4W302qkLfaNUiqkkV6E6HT,USWB12102995,yes
1364,Smthng,Muddy Monk,174,9A,65,09/09/2025,04:19:00,0,"french indie pop, french pop",Ultra Dramatic Kid,01/04/2022,60,90,13,80,0,10,-7,E Minor,4,6MOO3hJJFrNV9ST0hmKX8X,FR53O2100540,no
1365,White City,Willow Kayne,90,10B,80,09/09/2025,03:06:00,38,,White City,01/07/2022,62,1,0,30,10,20,-7,D Major,4,2FPVYeyKBKSNUUKrg4L0rk,GBARL2201400,no
1366,DISCO CLOSURE,MILKBLOOD,101,11A,62,09/09/2025,03:23:00,39,,DISCO CLOSURE,02/02/2022,55,1,0,40,20,10,-7,F#/G? Minor,4,2tWHLAOwWIalkFEUIYP2fU,USRC12103256,no
1367,Daydreaming,Harry Stone,100,8B,35,09/09/2025,03:27:00,38,,Daydreaming,21/01/2022,73,1,1,36,0,0,-11,C Major,4,2wPc15A83OnyE9QarVRpqA,GBUM72108993,no
1368,Bricks in the Wall,Hak Baker,135,10A,64,09/09/2025,03:27:00,36,,Worlds End FM,09/06/2023,54,0,0,41,0,10,-7,B Minor,4,6v3QTxRbJ3azhBhsNsrpPy,GBKPL2291618,no
1369,Can't Sleep,VENICE,96,8A,67,09/09/2025,03:45:00,38,,Can't Sleep,20/09/2022,68,2,5,34,0,10,-8,A Minor,4,2Uwllv1d2yJHNUrQG7RVLV,UKPNT1800231,yes
1370,Feel It,Crooked Colours,122,9A,76,09/09/2025,03:51:00,38,,Tomorrows,23/09/2022,73,2,4,20,0,20,-7,E Minor,4,1ARuHk4XNA0FJXuCOIassd,USAT22202718,no
1371,All I Want,"Lane 8,Arctic Lake",122,11B,41,09/09/2025,04:00:00,37,"melodic house, progressive house, deep house, ",Reviver,21/01/2022,69,12,69,24,0,10,-11,A Major,3,47cmM6ptQ3dH7iQlcWg9ac,GBEWA2105572,no
1372,Prettier Than You,Rose Gray,117,8B,80,09/09/2025,03:22:00,0,,Prettier Than You,26/09/2022,69,5,0,74,0,0,-5,C Major,4,61aanGqaF4FFuoNMS9nyHJ,GBENL2203415,no
1373,Firepit,"Phantoms,Big Wild",124,8B,88,09/09/2025,04:03:00,36,,Firepit,16/03/2022,67,2,1,19,0,10,-7,C Major,4,598YYFar90QPnyGE3jmgGo,GBCFB2200003,no
1374,People (with The Knocks),"Kungs,The Knocks",123,1A,87,09/09/2025,03:44:00,37,nu disco,Club Azur,17/03/2022,75,1,4,95,0,0,-5,G#/A? Minor,4,3ZTsdSVrRJCTOnuXHpHK0w,FR9W12139311,no
1375,Don't Be Scared (feat. Takura),"Chase & Status,Takura",140,3B,96,09/09/2025,03:58:00,34,"drum and bass, jungle, bassline",What Came Before,10/06/2022,59,0,79,67,0,30,-5,C?/D? Major,4,530JUX50nrszQU6q5RiWSw,GBUM72200814,no
1376,So Sick Of Me,Haich Ber Na,90,12A,59,09/09/2025,02:47:00,35,,So Sick Of Me,12/07/2022,67,3,1,63,0,50,-6,C?/D? Minor,4,7tGr0hPFQcgEy8bwxTVzX8,TCAGG2289812,no
1377,Look,Doss,130,5A,83,09/09/2025,02:48:00,33,hyperpop,Look,31/03/2021,79,1,61,68,0,10,-8,C Minor,4,2UnYp6QyIXKJiDF0tB8Smy,GB5P52100038,no
1378,Skelele,"Bad Boy Timz,Olamide",118,10B,84,09/09/2025,03:23:00,35,"afrobeats, afrobeat, afropop, afropiano, afroswing, afro adura, azonto",Skelele,21/12/2021,85,10,0,31,0,20,-5,D Major,4,1k6OPAYYh1DawiHZ08djuM,USUYG1405952,yes
1379,Ten�a Raz�n,Daniela Lalita,104,8A,60,09/09/2025,02:53:00,36,,Ten�a Raz�n,12/07/2022,73,74,0,54,0,10,-8,A Minor,4,13byK69wHdWtPt0QdgDPfw,UK7MC2200116,no
1380,High Level,"James BKS,The Big Hash",111,4B,75,09/09/2025,02:39:00,0,"private school piano, trap soul",Wolves of Africa (Part 1/2),08/07/2022,68,2,0,65,30,30,-6,G#/A? Major,3,0ukJe2qwhEseGHFB5DTM70,FR9W12221885,yes
1381,"Rollout (feat. Jay Prince, Scrufizzer & Close Counters)","Young Franco,Jay Prince,Scrufizzer,Close Counters",120,3B,60,09/09/2025,03:04:00,32,"bass house, bassline, grime, drum and bass, uk garage, jazz house, disco house",Rollout,17/03/2022,75,19,0,62,20,20,-10,C?/D? Major,4,16Y3IuWraX46DMtrATcIaY,AUNE32200005,no
1382,Full Round Table,CQ Wrestling,101,12B,88,09/09/2025,04:14:00,32,,Full Round Table,25/05/2022,27,0,1,19,0,10,-5,E Major,4,2mX022csmPILfLhGGwctqn,GBUM72202185,yes
1383,Jagna,Alewya,162,3B,86,09/09/2025,03:41:00,33,,Jagna,23/06/2021,52,0,7,48,0,0,-5,C?/D? Major,4,0cnRaqtU77LP6pj0y0Y5tp,GBAAP2100097,yes
1384,Season,"Smoke DZA,Girl Talk",170,9A,73,09/09/2025,03:07:00,31,plunderphonics,Full Court Press,08/04/2022,61,2,0,25,0,10,-5,E Minor,4,6nM0Mxdc0VUTzqbBY0wk4H,US39N2200341,yes
1385,Choose A Life,Wings of Desire,142,8B,88,09/09/2025,03:26:00,33,,Life Is Infinite,08/12/2023,32,0,30,35,0,50,-5,C Major,4,0H5SDb0KCXx3c4CNjSwktn,GB2DY2201050,yes
1386,Hurt Me,Cryalot,145,4B,78,09/09/2025,03:23:00,32,hyperpop,Icarus,02/09/2022,51,1,75,23,0,10,-7,G#/A? Major,4,4o4iusqhnZGGBruQ8cp8ZA,GBKPL2201306,no
1387,DC Rot,yun� pinku,128,4A,87,09/09/2025,04:02:00,30,,DC Rot,16/03/2022,69,1,5,59,10,10,-7,F Minor,4,5emrpSNSDbKe6HotCObSFp,US23A1545395,no
1388,Hardware,"Monty,Visages,PAV4N,Strategy",140,10B,96,09/09/2025,03:49:00,33,"drum and bass, liquid funk, drumstep, jungle, bass music, dubstep, uk garage, grime",Hit the Lights,10/12/2021,57,15,0,35,20,10,-6,D Major,4,0eEdF1UsA9FcwllAWBiIk6,UKEWB1600226,no
1389,Sunshine,Wh0,124,3B,93,09/09/2025,03:38:00,0,"disco house, funky house, tech house",Sunshine,06/05/2022,67,1,18,68,0,20,-6,C?/D? Major,4,08hSsSeBxyyri4j8cQxXm4,QZFPL2100169,no
1390,Payback (feat. Knucks),"Kojey Radical,Knucks",98,8B,68,09/09/2025,02:44:00,30,"alt�, uk drill, grime, uk grime, drill",Payback (feat. Knucks),13/01/2022,92,5,0,77,30,0,-3,C Major,4,2L87cMenk89nNivoM1fmPU,GBAHS2101329,yes
1391,Passed Tense,"George FitzGerald,Panda Bear",124,4B,83,09/09/2025,04:01:00,31,neo-psychedelic,Passed Tense,31/08/2022,68,36,1,55,0,10,-7,G#/A? Major,4,2uUAW6qgya8keByF9mh3ui,GBCEL2200096,no
1392,M.I.A.,SOHN,120,7B,47,09/09/2025,03:10:00,30,,M.I.A,17/08/2022,69,34,3,25,0,10,-9,F Major,4,0TYNJMOUjuW2JrnxF8SSkR,GBAFL2200216,no
1393,Dreamer,"LODATO,Janice Robinson",125,4A,84,09/09/2025,02:52:00,29,,Dreamer,25/02/2022,74,1,0,53,0,30,-5,F Minor,4,0IPYNDq06pcjd2lybZKNPo,NLZ542200113,no
1394,Breathe In,"Nightmares On Wax,OSHUN",77,4B,73,09/09/2025,03:57:00,29,"trip hop, downtempo, acid jazz, nu jazz, alternative r&b",Shout Out! To Freedom...,29/10/2021,48,4,3,55,0,20,-9,G#/A? Major,4,3osAu1YKO9KBZnS5jGzKVl,GBBPW2100159,no
1395,FUN,Biig Piig,160,10B,65,09/09/2025,02:31:00,29,,FUN,14/06/2022,72,2,94,34,0,10,-7,D Major,4,6Knk2SiTXcSFiVCzXmdev7,GBARL2201158,yes
1396,Kis�,Lous and The Yakuza,194,4A,82,09/09/2025,02:10:00,28,,Kis�,25/03/2022,64,2,0,39,10,10,-6,F Minor,4,29lLqXN6gPZv4Ol92YmkRn,FRZ052200085,no
1397,i'm not okay,"sadeyes,Lil Xtra,nothing,nowhere.",145,4B,86,09/09/2025,02:35:00,28,emo rap,monarch,11/02/2022,58,9,0,67,30,60,-4,G#/A? Major,4,3GEPiS4iuMdtbtJdO5jBka,USEP42149016,yes
1398,Beep,M.I.A.,102,9B,79,09/09/2025,02:00:00,26,,Beep,30/09/2022,77,1,0,47,10,10,-5,G Major,4,3X5LrD9Gsv9eeJAaUW76WY,USUG12105147,no
1399,Times Change,"Mall Grab,D Double E,Novelist",88,10B,88,09/09/2025,03:04:00,27,"lo-fi house, grime, uk grime, drum and bass",What I Breathe,05/08/2022,57,5,1,42,30,30,-8,D Major,4,0aoEwfCRcCSe4HKgdSGPXp,GB2DY2200206,no
1400,Lifted,"Joy Club,TIEKS",120,4B,88,09/09/2025,02:47:00,26,,Lifted,25/02/2022,62,3,0,69,0,10,-7,G#/A? Major,4,55sYZhDj9Ty9PTSLt3Ul9I,NLZ542200105,no
1401,Mama Used to Say,Edd,128,4A,94,09/09/2025,02:56:00,25,disco house,Mama Used to Say,21/01/2022,74,4,1,72,0,40,-6,F Minor,4,5nBxSUHByokFink81qOwbx,USQX92105831,no
1402,Hela V�gen Upp,"Silvana Imam,Jaqe",105,3A,78,09/09/2025,03:01:00,25,"norwegian hip hop, swedish pop, ",Hela V�gen Upp,23/09/2022,70,2,0,44,20,30,-8,A#/B? Minor,4,7CgPoYEwEFp4w71sECwFou,GBKPL2212435,no
1403,Disturb Them,"Gardna,MC Spyda,Selecta J-Man",172,3B,91,09/09/2025,03:23:00,24,"drum and bass, jungle, uk garage, bassline",A State of Hysteria,10/12/2021,64,0,0,59,0,0,-2,C?/D? Major,4,4fLhRxHy8uJMInhMv4y3zA,FRX872154009,yes
1404,Heritage,"Regents,Cartridge,Strategy",140,8B,77,09/09/2025,04:13:00,22,"grime, dubstep, uk grime, drumstep, dub, bass music, drum and bass, uk garage",Shegry,15/10/2021,62,0,0,25,0,20,-6,C Major,4,4XCjdGmSw6RqFB6W4uS764,GBLV62102313,no
1405,Kuku Kee Me - Remix,"Seun Kuti,Black Thought",93,3A,72,09/09/2025,02:57:00,21,"afrobeat, east coast hip hop",Kuku Kee Me (Remix),23/09/2022,69,4,0,42,30,10,-5,A#/B? Minor,4,1Ueof0cIk99qy7jniY3eq0,GBKPL2211253,no
1406,FIX YOUR FACE,seeyousoon,88,3B,70,09/09/2025,03:06:00,23,,HZLIKEHELL,12/11/2021,72,14,0,57,20,40,-8,C?/D? Major,4,5KAO2QUiNjO3uM12aexykO,TCAFS2154316,yes
1407,Better,"Michael Calfan,Leo Stannard",129,8B,84,09/09/2025,02:34:00,22,,Better,25/02/2022,68,3,0,42,10,0,-8,C Major,4,5zaDzuxKea73orX9RodvRU,NLZ542200132,no
1408,Maybe Not,"Manga Saint Hilare,Jelani Blackman",77,1B,90,09/09/2025,02:17:00,21,"grime, uk grime, uk garage",Maybe Not,11/03/2022,76,9,0,64,20,0,-2,B Major,3,4baVlZg9mWWkNYPBpMdZON,US5ED2201667,yes
1409,Not Yours,Effy,142,9A,99,09/09/2025,04:51:00,20,"uk garage, hard house",Not Yours,06/04/2022,44,0,86,76,0,20,-6,E Minor,4,0MiQUuAoPSSjipYHsl4lS1,GB2DY2200217,no
1410,THE REAPERS,"LYAM,Wiki",124,3A,66,09/09/2025,04:05:00,19,"experimental hip hop, alternative hip hop",THE REAPERS,16/09/2022,40,0,0,53,10,10,-8,A#/B? Minor,5,6nfYpjNjaIIuzzPoY3BEXZ,US23A1551063,yes
1411,T.T.Y.N.,"Moksi,Diede",125,3B,92,09/09/2025,03:06:00,20,"bass house, future house, g-house, drum and bass",T.T.Y.N.,04/02/2022,80,0,14,73,0,0,-4,C?/D? Major,4,6qhrjDnGgfSsVOLaRBWn3v,USA2P2200115,yes
1412,Work It Out,"Curtis Richa,WayBetta",123,3B,90,09/09/2025,02:38:00,19,"nu disco, ",Work It Out,23/09/2022,41,1,6,86,0,0,-4,C?/D? Major,4,2B4wDjhtKmbSJKwb209zEO,QZNWZ2203365,no
1413,MAN NENNT MICH,Eunique,147,3A,65,09/09/2025,02:15:00,19,german hip hop,MAN NENNT MICH,16/09/2022,71,9,0,48,20,20,-7,A#/B? Minor,4,4pnGmHL2PXPGfmgP61eoei,DEZV22200012,yes
1414,Green Light (feat. Kate Wild) - Moksi Remix,"AC Slater,Bleu Clair,Moksi,Kate Wild",128,3B,94,09/09/2025,03:10:00,18,"bass house, bassline, g-house, uk garage, tech house, future house, ",Green Light (feat. Kate Wild) [Moksi Remix],24/09/2021,71,0,1,67,20,40,-4,C?/D? Major,4,0CCbpCeGnyoYxzczLw19wQ,NLZ542101472,no
1415,Leader Of The Pack,"Ruckspin,LEGZDINA",164,4A,84,09/09/2025,03:39:00,0,"dubstep, liquid funk, hard techno, techno",Leader Of The Pack,29/09/2022,48,0,0,56,30,0,-5,F Minor,4,4693UCgbsibSoLyf0a70ys,GBCFB2250132,no
